datetime,open,high,low,close,volume
2023-01-03 09:30:00,4501.25,4502.5,4497.25,4500.75,3801.0
2023-01-03 09:35:00,4497.75,4499.25,4495.25,4497.0,834.0
2023-01-03 09:40:00,4500.75,4503.75,4500.0,4501.25,589.0
2023-01-03 09:45:00,4504.25,4507.0,4502.25,4504.75,6942.0
2023-01-03 09:50:00,4497.5,4500.25,4493.25,4495.75,3835.0
2023-01-03 09:55:00,4493.0,4498.0,4492.25,4494.5,1080.0
2023-01-03 10:00:00,4493.75,4495.25,4491.5,4493.75,6750.0
2023-01-03 10:05:00,4492.75,4495.5,4490.25,4491.25,4467.0
2023-01-03 10:10:00,4493.0,4496.75,4490.0,4494.5,3123.0
2023-01-03 10:15:00,4490.25,4492.5,4487.0,4491.0,3890.0
2023-01-03 10:20:00,4493.5,4496.75,4490.0,4491.75,2188.0
2023-01-03 10:25:00,4496.5,4499.75,4493.0,4499.0,7486.0
2023-01-03 10:30:00,4497.0,4500.75,4493.5,4498.0,6408.0
2023-01-03 10:35:00,4501.25,4504.0,4500.5,4501.25,1992.0
2023-01-03 10:40:00,4503.25,4508.75,4501.75,4505.5,6011.0
2023-01-03 10:45:00,4500.25,4502.75,4498.0,4500.5,1847.0
2023-01-03 10:50:00,4502.0,4503.5,4501.25,4502.0,3899.0
2023-01-03 10:55:00,4498.75,4501.75,4496.25,4497.75,6115.0
2023-01-03 11:00:00,4502.0,4505.75,4500.75,4502.75,772.0
2023-01-03 11:05:00,4502.25,4504.75,4498.75,4502.75,5942.0
2023-01-03 11:10:00,4501.75,4504.5,4500.0,4501.75,2194.0
2023-01-03 11:15:00,4499.5,4500.75,4495.5,4498.5,5743.0
2023-01-03 11:20:00,4504.0,4506.5,4502.5,4504.25,4243.0
2023-01-03 11:25:00,4503.75,4507.0,4502.75,4503.75,695.0
2023-01-03 11:30:00,4502.5,4504.0,4497.5,4500.75,6214.0
2023-01-03 11:35:00,4501.5,4503.25,4499.0,4499.5,2449.0
2023-01-03 11:40:00,4503.5,4507.75,4503.0,4504.25,7642.0
2023-01-03 11:45:00,4505.0,4508.0,4500.0,4501.5,6799.0
2023-01-03 11:50:00,4506.75,4510.25,4504.25,4507.0,1946.0
2023-01-03 11:55:00,4508.5,4510.25,4506.5,4508.0,5006.0
2023-01-03 12:00:00,4516.5,4522.0,4515.75,4518.25,3215.0
2023-01-03 12:05:00,4515.25,4516.25,4513.25,4514.5,5016.0
2023-01-03 12:10:00,4513.75,4516.75,4512.5,4514.5,4677.0
2023-01-03 12:15:00,4511.0,4513.0,4510.0,4510.5,2719.0
2023-01-03 12:20:00,4513.5,4516.5,4511.25,4513.5,5385.0
2023-01-03 12:25:00,4517.75,4522.0,4517.0,4518.75,2451.0
2023-01-03 12:30:00,4517.5,4520.25,4515.5,4517.0,7305.0
2023-01-03 12:35:00,4514.75,4518.5,4512.25,4516.0,7599.0
2023-01-03 12:40:00,4512.0,4513.75,4507.75,4510.5,1744.0
2023-01-03 12:45:00,4514.5,4517.0,4513.25,4515.0,5958.0
2023-01-03 12:50:00,4517.5,4520.75,4516.0,4518.75,7470.0
2023-01-03 12:55:00,4519.75,4521.0,4518.5,4520.5,1451.0
2023-01-03 13:00:00,4517.5,4522.0,4514.0,4520.0,6047.0
2023-01-03 13:05:00,4518.5,4521.75,4516.5,4517.5,7532.0
2023-01-03 13:10:00,4519.25,4521.75,4516.25,4517.25,2188.0
2023-01-03 13:15:00,4520.25,4523.25,4517.0,4518.75,4867.0
2023-01-03 13:20:00,4523.5,4526.25,4522.5,4524.5,6483.0
2023-01-03 13:25:00,4524.5,4527.5,4523.75,4525.25,3000.0
2023-01-03 13:30:00,4527.25,4528.0,4526.5,4527.5,2283.0
2023-01-03 13:35:00,4527.75,4529.5,4523.75,4526.25,3478.0
2023-01-03 13:40:00,4529.0,4532.0,4526.75,4530.0,3015.0
2023-01-03 13:45:00,4531.5,4532.75,4527.25,4530.0,5940.0
2023-01-03 13:50:00,4526.5,4528.5,4523.5,4528.0,3281.0
2023-01-03 13:55:00,4525.5,4532.0,4524.0,4529.5,3322.0
2023-01-03 14:00:00,4524.0,4526.5,4520.75,4524.5,7583.0
2023-01-03 14:05:00,4522.0,4524.5,4519.25,4522.75,4840.0
2023-01-03 14:10:00,4521.25,4522.5,4517.5,4520.5,7470.0
2023-01-03 14:15:00,4526.75,4529.0,4521.75,4524.5,5828.0
2023-01-03 14:20:00,4524.0,4525.75,4521.5,4523.25,7139.0
2023-01-03 14:25:00,4527.75,4529.75,4524.75,4526.25,1965.0
2023-01-03 14:30:00,4521.75,4524.0,4518.0,4519.75,7536.0
2023-01-03 14:35:00,4520.75,4523.75,4520.0,4523.25,7581.0
2023-01-03 14:40:00,4521.75,4525.25,4519.75,4522.0,805.0
2023-01-03 14:45:00,4524.0,4525.25,4523.5,4524.5,3171.0
2023-01-03 14:50:00,4526.75,4528.75,4526.0,4526.5,3599.0
2023-01-03 14:55:00,4530.0,4531.0,4526.25,4529.75,3645.0
2023-01-03 15:00:00,4528.75,4532.25,4526.25,4530.25,6338.0
2023-01-03 15:05:00,4527.5,4528.75,4525.25,4527.25,5738.0
2023-01-03 15:10:00,4530.75,4534.75,4529.25,4531.5,2096.0
2023-01-03 15:15:00,4530.25,4532.0,4527.75,4530.0,5065.0
2023-01-03 15:20:00,4526.0,4528.25,4522.25,4525.5,7809.0
2023-01-03 15:25:00,4522.0,4523.25,4517.5,4520.0,3800.0
2023-01-03 15:30:00,4519.0,4519.5,4514.0,4516.25,7461.0
2023-01-03 15:35:00,4521.0,4522.75,4518.75,4520.5,5373.0
2023-01-03 15:40:00,4521.75,4524.0,4520.25,4521.75,7437.0
2023-01-03 15:45:00,4524.5,4526.25,4520.0,4522.75,7271.0
2023-01-03 15:50:00,4523.0,4526.5,4519.5,4523.0,625.0
2023-01-03 15:55:00,4524.0,4526.75,4522.0,4524.0,6502.0
2023-01-04 09:30:00,4526.25,4530.0,4521.75,4523.5,1918.0
2023-01-04 09:35:00,4525.5,4526.75,4522.5,4524.25,6681.0
2023-01-04 09:40:00,4527.25,4530.75,4525.5,4528.0,6560.0
2023-01-04 09:45:00,4525.25,4528.0,4521.5,4525.75,2438.0
2023-01-04 09:50:00,4524.0,4526.5,4519.75,4522.5,996.0
2023-01-04 09:55:00,4523.0,4526.75,4521.25,4523.25,3645.0
2023-01-04 10:00:00,4518.75,4522.75,4517.25,4520.25,2772.0
2023-01-04 10:05:00,4520.75,4525.25,4519.0,4522.0,4653.0
2023-01-04 10:10:00,4519.25,4522.0,4518.75,4519.25,1115.0
2023-01-04 10:15:00,4519.75,4520.5,4517.0,4519.0,831.0
2023-01-04 10:20:00,4521.5,4524.25,4517.75,4520.75,3778.0
2023-01-04 10:25:00,4523.5,4526.0,4521.0,4524.0,6273.0
2023-01-04 10:30:00,4526.0,4529.75,4525.0,4526.25,2862.0
2023-01-04 10:35:00,4526.0,4529.75,4523.25,4526.75,2925.0
2023-01-04 10:40:00,4524.75,4525.5,4522.0,4524.75,1730.0
2023-01-04 10:45:00,4524.5,4526.5,4523.25,4525.75,2619.0
2023-01-04 10:50:00,4518.75,4519.5,4516.25,4518.75,2740.0
2023-01-04 10:55:00,4513.75,4516.75,4511.25,4514.75,2444.0
2023-01-04 11:00:00,4509.25,4511.0,4506.0,4510.25,3077.0
2023-01-04 11:05:00,4505.75,4508.5,4503.75,4504.75,2625.0
2023-01-04 11:10:00,4507.5,4509.75,4504.0,4505.0,5606.0
2023-01-04 11:15:00,4504.5,4509.5,4502.5,4506.5,3035.0
2023-01-04 11:20:00,4503.25,4505.0,4502.75,4503.5,6160.0
2023-01-04 11:25:00,4508.25,4510.25,4504.0,4505.75,5036.0
2023-01-04 11:30:00,4507.0,4508.0,4503.25,4506.25,5303.0
2023-01-04 11:35:00,4510.0,4514.25,4509.0,4511.0,4876.0
2023-01-04 11:40:00,4506.75,4507.75,4504.5,4506.5,7421.0
2023-01-04 11:45:00,4506.25,4507.0,4502.0,4505.75,2417.0
2023-01-04 11:50:00,4503.25,4506.25,4501.0,4505.0,7867.0
2023-01-04 11:55:00,4502.25,4505.25,4498.75,4500.75,2048.0
2023-01-04 12:00:00,4505.5,4506.25,4502.0,4504.25,1536.0
2023-01-04 12:05:00,4499.5,4502.0,4498.25,4499.75,6697.0
2023-01-04 12:10:00,4501.25,4504.5,4500.25,4501.75,7219.0
2023-01-04 12:15:00,4502.25,4505.75,4499.75,4503.0,1195.0
2023-01-04 12:20:00,4500.25,4502.75,4498.75,4501.5,4998.0
2023-01-04 12:25:00,4495.5,4496.25,4494.0,4495.75,4346.0
2023-01-04 12:30:00,4495.75,4498.5,4495.25,4496.5,2150.0
2023-01-04 12:35:00,4494.25,4495.25,4490.75,4493.75,4404.0
2023-01-04 12:40:00,4495.25,4498.0,4494.75,4495.25,5643.0
2023-01-04 12:45:00,4495.5,4497.25,4492.75,4495.75,4806.0
2023-01-04 12:50:00,4501.5,4503.75,4500.0,4501.75,4398.0
2023-01-04 12:55:00,4501.0,4502.75,4498.5,4502.0,7142.0
2023-01-04 13:00:00,4497.5,4500.5,4496.25,4498.25,2191.0
2023-01-04 13:05:00,4498.25,4499.5,4497.5,4498.5,5179.0
2023-01-04 13:10:00,4499.25,4502.0,4496.0,4498.25,2874.0
2023-01-04 13:15:00,4504.5,4505.25,4501.75,4504.5,7802.0
2023-01-04 13:20:00,4507.75,4511.25,4506.5,4507.75,2386.0
2023-01-04 13:25:00,4509.25,4512.0,4507.25,4509.5,7035.0
2023-01-04 13:30:00,4514.75,4518.75,4512.75,4517.75,5240.0
2023-01-04 13:35:00,4510.75,4511.25,4508.75,4510.0,2110.0
2023-01-04 13:40:00,4508.5,4510.75,4506.25,4509.25,6190.0
2023-01-04 13:45:00,4505.5,4507.75,4504.5,4507.0,2308.0
2023-01-04 13:50:00,4504.25,4505.5,4502.25,4504.5,2467.0
2023-01-04 13:55:00,4499.5,4506.0,4498.75,4502.75,3085.0
2023-01-04 14:00:00,4502.0,4504.5,4499.5,4501.5,5613.0
2023-01-04 14:05:00,4501.5,4503.0,4500.0,4502.0,3436.0
2023-01-04 14:10:00,4496.5,4498.5,4493.5,4495.25,4768.0
2023-01-04 14:15:00,4493.0,4494.25,4490.75,4492.5,4647.0
2023-01-04 14:20:00,4494.25,4498.25,4491.0,4494.75,1974.0
2023-01-04 14:25:00,4497.5,4499.25,4495.5,4498.75,2243.0
2023-01-04 14:30:00,4505.0,4508.25,4502.0,4505.5,2801.0
2023-01-04 14:35:00,4515.75,4520.25,4514.5,4517.5,2167.0
2023-01-04 14:40:00,4517.5,4518.0,4515.75,4517.25,7390.0
2023-01-04 14:45:00,4514.0,4515.0,4513.0,4513.75,3360.0
2023-01-04 14:50:00,4506.75,4512.0,4504.75,4510.25,3536.0
2023-01-04 14:55:00,4507.75,4511.5,4505.25,4508.25,5540.0
2023-01-04 15:00:00,4505.0,4507.25,4501.0,4504.25,6410.0
2023-01-04 15:05:00,4503.75,4506.25,4500.75,4503.0,5660.0
2023-01-04 15:10:00,4501.75,4504.75,4498.0,4500.5,4633.0
2023-01-04 15:15:00,4501.5,4506.0,4500.5,4502.75,7820.0
2023-01-04 15:20:00,4505.75,4507.5,4504.5,4505.25,7248.0
2023-01-04 15:25:00,4506.5,4508.75,4503.5,4506.5,2018.0
2023-01-04 15:30:00,4506.0,4508.75,4505.0,4506.0,1700.0
2023-01-04 15:35:00,4502.5,4504.75,4501.75,4503.5,3446.0
2023-01-04 15:40:00,4496.75,4500.0,4492.25,4495.75,6765.0
2023-01-04 15:45:00,4495.25,4495.75,4490.25,4493.75,7735.0
2023-01-04 15:50:00,4495.25,4496.75,4493.0,4495.5,5769.0
2023-01-04 15:55:00,4501.75,4505.75,4500.25,4502.75,5675.0
2023-01-05 09:30:00,4502.5,4504.5,4499.5,4503.0,2252.0
2023-01-05 09:35:00,4506.25,4507.25,4504.25,4505.25,4942.0
2023-01-05 09:40:00,4504.75,4506.75,4503.0,4505.75,1882.0
2023-01-05 09:45:00,4500.75,4502.75,4498.25,4499.75,4547.0
2023-01-05 09:50:00,4497.5,4500.5,4493.5,4496.75,1953.0
2023-01-05 09:55:00,4495.0,4495.75,4490.5,4493.75,1066.0
2023-01-05 10:00:00,4503.0,4505.25,4500.5,4504.75,7754.0
2023-01-05 10:05:00,4500.25,4503.0,4499.5,4501.0,7200.0
2023-01-05 10:10:00,4503.5,4507.75,4501.5,4504.25,5639.0
2023-01-05 10:15:00,4500.5,4503.5,4499.25,4502.25,5191.0
2023-01-05 10:20:00,4504.0,4511.25,4500.75,4507.75,2299.0
2023-01-05 10:25:00,4505.75,4509.0,4502.5,4503.25,4787.0
2023-01-05 10:30:00,4505.25,4506.75,4503.75,4504.25,6110.0
2023-01-05 10:35:00,4505.5,4508.5,4502.0,4504.5,4546.0
2023-01-05 10:40:00,4503.25,4505.75,4500.25,4502.0,2614.0
2023-01-05 10:45:00,4505.0,4507.25,4500.5,4503.75,3439.0
2023-01-05 10:50:00,4503.75,4505.5,4502.5,4503.25,6807.0
2023-01-05 10:55:00,4499.5,4502.5,4494.75,4497.75,2409.0
2023-01-05 11:00:00,4495.0,4498.5,4494.5,4495.5,7710.0
2023-01-05 11:05:00,4496.0,4498.75,4495.5,4496.0,6164.0
2023-01-05 11:10:00,4501.75,4506.0,4500.0,4502.5,7176.0
2023-01-05 11:15:00,4502.75,4505.25,4501.5,4503.25,4321.0
2023-01-05 11:20:00,4502.5,4506.25,4500.25,4503.25,2178.0
2023-01-05 11:25:00,4503.75,4507.0,4502.75,4503.25,754.0
2023-01-05 11:30:00,4508.75,4512.75,4508.0,4511.5,4511.0
2023-01-05 11:35:00,4509.75,4510.5,4507.0,4510.0,3493.0
2023-01-05 11:40:00,4508.5,4510.25,4504.75,4506.0,1352.0
2023-01-05 11:45:00,4512.75,4515.75,4508.75,4511.25,7464.0
2023-01-05 11:50:00,4514.5,4515.75,4509.25,4512.0,7776.0
2023-01-05 11:55:00,4520.25,4522.75,4519.5,4520.25,3304.0
2023-01-05 12:00:00,4521.0,4521.5,4518.0,4521.0,5510.0
2023-01-05 12:05:00,4516.75,4518.5,4515.0,4516.25,3599.0
2023-01-05 12:10:00,4512.25,4517.25,4510.5,4514.75,4226.0
2023-01-05 12:15:00,4518.25,4520.0,4517.5,4519.0,5179.0
2023-01-05 12:20:00,4524.75,4529.0,4521.75,4525.75,3623.0
2023-01-05 12:25:00,4524.5,4525.25,4521.0,4523.0,6512.0
2023-01-05 12:30:00,4523.25,4526.5,4519.75,4521.75,1920.0
2023-01-05 12:35:00,4528.75,4530.0,4525.25,4528.75,5513.0
2023-01-05 12:40:00,4525.0,4528.75,4523.5,4525.25,7873.0
2023-01-05 12:45:00,4522.0,4524.25,4516.25,4519.5,6875.0
2023-01-05 12:50:00,4524.5,4525.25,4521.5,4524.25,842.0
2023-01-05 12:55:00,4523.25,4524.0,4520.0,4523.25,1354.0
2023-01-05 13:00:00,4523.5,4524.25,4520.0,4523.25,5215.0
2023-01-05 13:05:00,4523.25,4525.5,4518.5,4522.0,7434.0
2023-01-05 13:10:00,4524.5,4527.5,4523.0,4523.75,6830.0
2023-01-05 13:15:00,4530.0,4531.75,4526.75,4529.75,7279.0
2023-01-05 13:20:00,4530.5,4532.5,4527.5,4530.5,1622.0
2023-01-05 13:25:00,4533.0,4536.25,4530.5,4533.75,4393.0
2023-01-05 13:30:00,4525.75,4529.5,4524.5,4527.25,5944.0
2023-01-05 13:35:00,4525.75,4528.5,4522.0,4525.5,5185.0
2023-01-05 13:40:00,4523.0,4525.0,4521.25,4522.5,6327.0
2023-01-05 13:45:00,4518.75,4522.25,4516.75,4519.5,2096.0
2023-01-05 13:50:00,4516.0,4520.25,4513.75,4516.75,3927.0
2023-01-05 13:55:00,4515.0,4516.5,4513.5,4514.25,3859.0
2023-01-05 14:00:00,4518.5,4520.0,4515.75,4519.5,7549.0
2023-01-05 14:05:00,4514.0,4516.0,4513.25,4515.25,2020.0
2023-01-05 14:10:00,4514.25,4518.25,4511.5,4516.0,2947.0
2023-01-05 14:15:00,4512.75,4516.75,4509.5,4515.0,664.0
2023-01-05 14:20:00,4511.75,4515.25,4509.0,4510.5,1638.0
2023-01-05 14:25:00,4515.5,4518.0,4513.0,4515.5,7856.0
2023-01-05 14:30:00,4517.75,4520.0,4516.75,4517.75,6857.0
2023-01-05 14:35:00,4522.75,4525.75,4519.5,4522.75,2443.0
2023-01-05 14:40:00,4522.5,4523.75,4518.25,4521.5,5765.0
2023-01-05 14:45:00,4520.25,4523.25,4517.25,4518.25,4948.0
2023-01-05 14:50:00,4519.75,4520.25,4517.0,4519.75,7299.0
2023-01-05 14:55:00,4520.75,4523.25,4517.75,4519.75,2751.0
2023-01-05 15:00:00,4521.5,4525.25,4519.5,4521.75,7957.0
2023-01-05 15:05:00,4518.0,4520.75,4514.25,4516.75,3279.0
2023-01-05 15:10:00,4518.5,4521.5,4515.0,4517.0,5876.0
2023-01-05 15:15:00,4519.5,4521.5,4517.25,4519.75,3483.0
2023-01-05 15:20:00,4528.75,4532.0,4527.75,4529.0,5536.0
2023-01-05 15:25:00,4536.0,4538.75,4534.25,4536.75,3012.0
2023-01-05 15:30:00,4533.0,4538.5,4529.75,4536.0,6824.0
2023-01-05 15:35:00,4532.25,4533.25,4531.5,4532.5,5280.0
2023-01-05 15:40:00,4527.0,4528.75,4524.75,4527.75,2665.0
2023-01-05 15:45:00,4525.25,4527.5,4522.75,4523.75,7707.0
2023-01-05 15:50:00,4526.5,4527.25,4521.75,4524.75,5818.0
2023-01-05 15:55:00,4531.25,4536.25,4529.0,4533.25,3714.0
2023-01-06 09:30:00,4528.75,4531.75,4525.75,4527.5,1519.0
2023-01-06 09:35:00,4526.5,4530.0,4524.0,4525.25,7799.0
2023-01-06 09:40:00,4519.0,4519.75,4517.25,4519.0,6162.0
2023-01-06 09:45:00,4518.75,4522.25,4515.0,4518.5,5508.0
2023-01-06 09:50:00,4515.0,4515.75,4511.75,4513.75,6748.0
2023-01-06 09:55:00,4513.5,4515.25,4511.0,4513.0,5053.0
2023-01-06 10:00:00,4510.5,4515.25,4507.75,4512.25,2240.0
2023-01-06 10:05:00,4510.25,4511.0,4507.5,4509.25,2278.0
2023-01-06 10:10:00,4504.25,4504.75,4500.5,4502.25,1093.0
2023-01-06 10:15:00,4499.25,4501.0,4497.75,4500.5,971.0
2023-01-06 10:20:00,4507.0,4509.75,4506.25,4507.75,5965.0
2023-01-06 10:25:00,4502.75,4505.75,4499.0,4501.75,6889.0
2023-01-06 10:30:00,4499.0,4499.75,4493.5,4496.75,1729.0
2023-01-06 10:35:00,4505.75,4506.5,4501.5,4504.75,4804.0
2023-01-06 10:40:00,4516.5,4518.75,4513.25,4516.5,1429.0
2023-01-06 10:45:00,4512.5,4515.25,4510.5,4514.0,3608.0
2023-01-06 10:50:00,4511.5,4514.25,4508.75,4510.0,6430.0
2023-01-06 10:55:00,4512.75,4516.25,4510.25,4512.75,6589.0
2023-01-06 11:00:00,4519.25,4523.0,4515.75,4520.25,7615.0
2023-01-06 11:05:00,4516.0,4519.25,4510.0,4512.75,2829.0
2023-01-06 11:10:00,4515.25,4518.75,4513.25,4516.75,7615.0
2023-01-06 11:15:00,4518.25,4521.5,4514.0,4516.75,6377.0
2023-01-06 11:20:00,4520.25,4521.5,4517.25,4520.5,3039.0
2023-01-06 11:25:00,4519.0,4520.0,4515.75,4519.25,2959.0
2023-01-06 11:30:00,4518.75,4522.75,4516.0,4520.25,1306.0
2023-01-06 11:35:00,4514.0,4515.25,4512.25,4514.75,7406.0
2023-01-06 11:40:00,4513.25,4516.75,4508.75,4510.25,2024.0
2023-01-06 11:45:00,4512.75,4515.25,4509.5,4511.5,2509.0
2023-01-06 11:50:00,4513.75,4517.25,4512.25,4514.0,3596.0
2023-01-06 11:55:00,4512.0,4513.25,4508.25,4511.75,1531.0
2023-01-06 12:00:00,4513.75,4516.5,4511.75,4514.5,6544.0
2023-01-06 12:05:00,4517.75,4521.5,4515.75,4518.75,5735.0
2023-01-06 12:10:00,4518.5,4520.5,4517.0,4519.25,1674.0
2023-01-06 12:15:00,4520.0,4522.25,4517.25,4519.75,1721.0
2023-01-06 12:20:00,4520.5,4523.0,4515.75,4518.0,664.0
2023-01-06 12:25:00,4520.75,4524.25,4519.25,4520.0,7620.0
2023-01-06 12:30:00,4518.25,4521.75,4515.0,4518.75,3768.0
2023-01-06 12:35:00,4519.75,4520.5,4516.5,4518.25,5416.0
2023-01-06 12:40:00,4519.5,4522.25,4517.75,4520.5,1624.0
2023-01-06 12:45:00,4527.25,4531.0,4526.25,4528.5,2231.0
2023-01-06 12:50:00,4533.25,4534.25,4531.0,4533.5,4561.0
2023-01-06 12:55:00,4535.0,4536.75,4528.0,4530.75,2066.0
2023-01-06 13:00:00,4532.25,4533.75,4527.25,4530.5,5096.0
2023-01-06 13:05:00,4528.5,4532.0,4528.0,4531.0,7429.0
2023-01-06 13:10:00,4533.0,4535.25,4528.75,4532.25,2788.0
2023-01-06 13:15:00,4534.25,4535.25,4528.75,4531.5,5058.0
2023-01-06 13:20:00,4536.25,4540.25,4534.75,4538.0,7367.0
2023-01-06 13:25:00,4530.25,4531.25,4529.0,4530.25,7203.0
2023-01-06 13:30:00,4533.75,4538.0,4532.25,4535.25,557.0
2023-01-06 13:35:00,4535.5,4537.0,4532.25,4536.0,1326.0
2023-01-06 13:40:00,4531.75,4535.75,4530.5,4532.5,7896.0
2023-01-06 13:45:00,4530.25,4531.25,4528.5,4530.75,7440.0
2023-01-06 13:50:00,4531.5,4534.5,4528.75,4532.5,2914.0
2023-01-06 13:55:00,4532.0,4536.5,4528.75,4535.0,4400.0
2023-01-06 14:00:00,4531.0,4533.5,4528.5,4532.5,4795.0
2023-01-06 14:05:00,4531.0,4532.75,4526.0,4528.75,5513.0
2023-01-06 14:10:00,4530.25,4534.0,4529.25,4530.75,6127.0
2023-01-06 14:15:00,4531.0,4536.0,4527.75,4532.5,3296.0
2023-01-06 14:20:00,4536.5,4539.75,4535.25,4538.25,7174.0
2023-01-06 14:25:00,4527.5,4528.5,4526.0,4527.0,943.0
2023-01-06 14:30:00,4526.75,4531.25,4523.25,4528.5,743.0
2023-01-06 14:35:00,4527.75,4531.25,4526.75,4529.0,7684.0
2023-01-06 14:40:00,4529.0,4533.5,4528.25,4532.5,1828.0
2023-01-06 14:45:00,4528.0,4530.75,4524.5,4527.0,7959.0
2023-01-06 14:50:00,4521.75,4524.0,4519.75,4521.0,2644.0
2023-01-06 14:55:00,4523.25,4525.75,4522.0,4522.75,3234.0
2023-01-06 15:00:00,4529.75,4531.25,4526.75,4529.0,709.0
2023-01-06 15:05:00,4524.25,4526.25,4520.25,4523.25,7579.0
2023-01-06 15:10:00,4527.75,4528.75,4521.0,4524.0,3194.0
2023-01-06 15:15:00,4526.75,4529.5,4525.25,4526.25,1757.0
2023-01-06 15:20:00,4526.75,4528.25,4524.5,4527.25,4125.0
2023-01-06 15:25:00,4523.25,4526.0,4519.5,4522.5,1660.0
2023-01-06 15:30:00,4522.25,4527.75,4521.25,4524.75,6423.0
2023-01-06 15:35:00,4527.0,4530.0,4526.0,4527.0,1048.0
2023-01-06 15:40:00,4529.5,4531.75,4529.0,4531.25,4244.0
2023-01-06 15:45:00,4536.0,4537.75,4533.75,4536.25,3434.0
2023-01-06 15:50:00,4540.5,4543.5,4539.5,4541.5,778.0
2023-01-06 15:55:00,4542.25,4545.0,4539.5,4542.75,892.0
2023-01-09 09:30:00,4548.75,4554.0,4545.25,4550.75,4389.0
2023-01-09 09:35:00,4550.75,4552.5,4549.5,4550.75,3459.0
2023-01-09 09:40:00,4554.0,4557.75,4551.5,4554.5,1473.0
2023-01-09 09:45:00,4553.0,4554.5,4552.0,4553.5,1537.0
2023-01-09 09:50:00,4553.5,4555.25,4552.5,4553.25,6536.0
2023-01-09 09:55:00,4551.25,4552.5,4548.25,4551.75,5978.0
2023-01-09 10:00:00,4555.0,4561.0,4553.25,4558.0,5058.0
2023-01-09 10:05:00,4551.0,4552.0,4547.25,4550.5,6750.0
2023-01-09 10:10:00,4554.0,4556.0,4552.0,4554.75,1019.0
2023-01-09 10:15:00,4553.5,4558.25,4552.75,4555.25,5658.0
2023-01-09 10:20:00,4558.0,4561.75,4556.25,4559.75,6143.0
2023-01-09 10:25:00,4561.0,4561.5,4560.0,4561.0,2003.0
2023-01-09 10:30:00,4568.0,4568.5,4561.5,4564.75,4522.0
2023-01-09 10:35:00,4570.75,4573.75,4568.25,4571.5,6251.0
2023-01-09 10:40:00,4565.25,4566.75,4560.75,4562.25,5026.0
2023-01-09 10:45:00,4565.25,4568.25,4563.25,4567.25,2371.0
2023-01-09 10:50:00,4561.25,4564.0,4558.75,4561.5,5485.0
2023-01-09 10:55:00,4559.5,4562.25,4556.75,4561.0,6196.0
2023-01-09 11:00:00,4565.25,4567.75,4563.5,4564.0,572.0
2023-01-09 11:05:00,4568.0,4569.5,4565.25,4565.75,4755.0
2023-01-09 11:10:00,4565.5,4567.0,4564.75,4566.0,4284.0
2023-01-09 11:15:00,4562.0,4563.0,4560.25,4562.0,3250.0
2023-01-09 11:20:00,4562.5,4563.75,4559.75,4561.75,831.0
2023-01-09 11:25:00,4558.25,4559.0,4557.25,4558.25,1126.0
2023-01-09 11:30:00,4556.0,4561.25,4554.25,4559.75,6126.0
2023-01-09 11:35:00,4557.5,4561.75,4555.5,4558.5,6706.0
2023-01-09 11:40:00,4561.75,4566.25,4561.0,4563.25,3644.0
2023-01-09 11:45:00,4564.25,4567.0,4561.0,4565.5,7547.0
2023-01-09 11:50:00,4556.25,4560.5,4553.75,4558.25,7457.0
2023-01-09 11:55:00,4557.5,4559.75,4555.5,4557.25,5494.0
2023-01-09 12:00:00,4558.0,4561.0,4553.0,4555.25,4856.0
2023-01-09 12:05:00,4559.75,4561.0,4558.0,4559.5,7734.0
2023-01-09 12:10:00,4565.75,4568.25,4562.75,4567.0,5073.0
2023-01-09 12:15:00,4558.5,4560.0,4555.0,4557.25,7505.0
2023-01-09 12:20:00,4556.5,4557.25,4554.25,4556.25,7842.0
2023-01-09 12:25:00,4559.0,4560.5,4554.75,4558.0,1959.0
2023-01-09 12:30:00,4553.5,4558.75,4550.25,4555.5,5455.0
2023-01-09 12:35:00,4559.0,4563.5,4556.0,4560.0,5984.0
2023-01-09 12:40:00,4560.75,4562.25,4559.5,4561.5,6650.0
2023-01-09 12:45:00,4564.0,4566.75,4563.0,4564.75,3119.0
2023-01-09 12:50:00,4562.0,4563.75,4559.5,4562.0,6962.0
2023-01-09 12:55:00,4565.25,4567.5,4563.25,4565.5,4156.0
2023-01-09 13:00:00,4569.5,4571.75,4565.25,4567.75,3401.0
2023-01-09 13:05:00,4570.5,4571.0,4564.5,4567.5,1677.0
2023-01-09 13:10:00,4571.5,4575.0,4570.25,4571.75,2909.0
2023-01-09 13:15:00,4572.75,4576.75,4571.5,4573.25,7810.0
2023-01-09 13:20:00,4569.75,4574.0,4567.75,4571.5,5871.0
2023-01-09 13:25:00,4569.5,4574.25,4568.25,4571.75,5946.0
2023-01-09 13:30:00,4569.25,4573.5,4566.75,4571.5,7217.0
2023-01-09 13:35:00,4570.75,4572.5,4566.75,4569.5,2501.0
2023-01-09 13:40:00,4574.75,4575.75,4572.25,4574.25,5461.0
2023-01-09 13:45:00,4571.0,4574.0,4568.25,4571.75,3286.0
2023-01-09 13:50:00,4571.0,4575.0,4568.75,4574.25,6859.0
2023-01-09 13:55:00,4576.5,4581.75,4573.75,4578.5,3668.0
2023-01-09 14:00:00,4574.0,4577.5,4572.75,4575.5,6911.0
2023-01-09 14:05:00,4571.25,4573.0,4568.0,4570.75,6106.0
2023-01-09 14:10:00,4572.25,4573.75,4568.25,4571.0,6289.0
2023-01-09 14:15:00,4575.5,4580.25,4574.25,4576.5,7442.0
2023-01-09 14:20:00,4575.75,4576.75,4572.0,4574.25,6429.0
2023-01-09 14:25:00,4581.0,4581.75,4577.5,4580.5,2910.0
2023-01-09 14:30:00,4584.25,4585.25,4582.75,4584.0,4411.0
2023-01-09 14:35:00,4587.5,4592.25,4584.75,4589.75,4043.0
2023-01-09 14:40:00,4589.75,4593.5,4585.75,4589.25,984.0
2023-01-09 14:45:00,4598.75,4599.75,4592.0,4595.25,4949.0
2023-01-09 14:50:00,4598.0,4602.25,4596.25,4598.75,3780.0
2023-01-09 14:55:00,4591.0,4592.25,4587.5,4590.0,3450.0
2023-01-09 15:00:00,4597.0,4599.75,4593.5,4597.25,1322.0
2023-01-09 15:05:00,4595.75,4596.25,4593.25,4595.5,4281.0
2023-01-09 15:10:00,4596.25,4598.25,4595.0,4596.0,4842.0
2023-01-09 15:15:00,4601.25,4605.0,4600.75,4602.5,1292.0
2023-01-09 15:20:00,4595.75,4597.75,4590.5,4593.5,5262.0
2023-01-09 15:25:00,4591.25,4592.5,4588.75,4590.5,1757.0
2023-01-09 15:30:00,4585.75,4589.75,4584.5,4586.5,1587.0
2023-01-09 15:35:00,4583.0,4586.5,4580.5,4582.0,3508.0
2023-01-09 15:40:00,4584.75,4586.75,4579.75,4582.5,3418.0
2023-01-09 15:45:00,4587.0,4590.5,4585.0,4588.0,7362.0
2023-01-09 15:50:00,4588.25,4592.75,4585.0,4589.75,1007.0
2023-01-09 15:55:00,4583.25,4584.5,4580.25,4583.25,3120.0
2023-01-10 09:30:00,4575.0,4578.25,4568.75,4572.25,6008.0
2023-01-10 09:35:00,4575.5,4577.75,4572.25,4576.5,2373.0
2023-01-10 09:40:00,4574.0,4577.0,4570.5,4571.75,7861.0
2023-01-10 09:45:00,4575.75,4577.0,4573.25,4576.25,6071.0
2023-01-10 09:50:00,4578.75,4580.0,4577.0,4577.5,7595.0
2023-01-10 09:55:00,4579.5,4581.5,4574.25,4577.75,7618.0
2023-01-10 10:00:00,4582.5,4584.5,4580.5,4581.75,1318.0
2023-01-10 10:05:00,4583.5,4586.75,4580.75,4583.25,3943.0
2023-01-10 10:10:00,4585.75,4589.25,4581.5,4584.75,6084.0
2023-01-10 10:15:00,4583.25,4585.0,4582.25,4584.0,564.0
2023-01-10 10:20:00,4582.75,4584.25,4579.0,4582.25,3890.0
2023-01-10 10:25:00,4583.75,4586.75,4583.25,4585.25,5661.0
2023-01-10 10:30:00,4587.0,4589.5,4585.25,4587.5,6446.0
2023-01-10 10:35:00,4585.75,4588.0,4583.0,4585.0,3612.0
2023-01-10 10:40:00,4588.0,4591.25,4585.25,4586.75,6972.0
2023-01-10 10:45:00,4587.25,4590.25,4582.75,4585.0,5552.0
2023-01-10 10:50:00,4587.0,4588.0,4583.75,4587.5,841.0
2023-01-10 10:55:00,4590.25,4592.25,4588.25,4589.75,2582.0
2023-01-10 11:00:00,4583.25,4585.75,4577.75,4580.0,7534.0
2023-01-10 11:05:00,4578.75,4580.75,4574.75,4578.0,518.0
2023-01-10 11:10:00,4573.5,4574.5,4569.25,4572.25,1310.0
2023-01-10 11:15:00,4565.25,4569.0,4564.5,4567.25,3083.0
2023-01-10 11:20:00,4563.0,4564.75,4557.25,4560.5,7953.0
2023-01-10 11:25:00,4566.0,4567.0,4563.25,4564.0,5785.0
2023-01-10 11:30:00,4565.0,4569.5,4562.75,4566.75,1607.0
2023-01-10 11:35:00,4566.0,4569.5,4563.75,4568.0,3448.0
2023-01-10 11:40:00,4570.25,4572.5,4566.25,4569.25,7546.0
2023-01-10 11:45:00,4575.25,4577.5,4573.5,4574.5,2143.0
2023-01-10 11:50:00,4575.25,4579.5,4574.25,4576.25,4816.0
2023-01-10 11:55:00,4580.5,4581.25,4574.5,4577.25,3980.0
2023-01-10 12:00:00,4581.0,4582.0,4577.5,4578.5,6203.0
2023-01-10 12:05:00,4578.25,4579.75,4576.0,4577.75,6142.0
2023-01-10 12:10:00,4576.25,4580.25,4573.5,4578.5,6749.0
2023-01-10 12:15:00,4571.0,4572.5,4568.0,4570.5,1395.0
2023-01-10 12:20:00,4568.0,4571.0,4567.0,4568.25,3903.0
2023-01-10 12:25:00,4567.0,4569.75,4565.5,4568.5,5688.0
2023-01-10 12:30:00,4570.25,4573.75,4566.5,4573.0,3642.0
2023-01-10 12:35:00,4576.75,4578.5,4574.0,4576.0,5505.0
2023-01-10 12:40:00,4571.75,4574.75,4571.25,4571.75,5268.0
2023-01-10 12:45:00,4573.5,4579.25,4572.25,4576.0,3280.0
2023-01-10 12:50:00,4570.0,4572.75,4566.25,4567.75,1250.0
2023-01-10 12:55:00,4572.0,4575.5,4568.25,4573.25,7777.0
2023-01-10 13:00:00,4571.75,4574.5,4568.75,4570.25,6694.0
2023-01-10 13:05:00,4565.25,4568.0,4564.75,4565.25,7210.0
2023-01-10 13:10:00,4568.75,4570.0,4566.5,4568.5,2748.0
2023-01-10 13:15:00,4566.75,4569.0,4564.75,4565.5,2871.0
2023-01-10 13:20:00,4565.0,4568.0,4562.5,4563.75,2925.0
2023-01-10 13:25:00,4561.5,4563.25,4557.75,4561.75,733.0
2023-01-10 13:30:00,4559.25,4563.25,4556.5,4560.75,1772.0
2023-01-10 13:35:00,4561.0,4563.0,4560.25,4561.0,2812.0
2023-01-10 13:40:00,4560.5,4562.75,4558.75,4560.75,7905.0
2023-01-10 13:45:00,4562.0,4563.5,4561.0,4562.75,2035.0
2023-01-10 13:50:00,4563.5,4566.25,4561.5,4562.25,4308.0
2023-01-10 13:55:00,4568.75,4573.0,4566.25,4569.75,4604.0
2023-01-10 14:00:00,4567.5,4569.75,4565.5,4568.75,3198.0
2023-01-10 14:05:00,4562.5,4567.75,4559.5,4566.0,7390.0
2023-01-10 14:10:00,4566.5,4567.25,4562.75,4566.0,1199.0
2023-01-10 14:15:00,4565.5,4566.25,4563.75,4565.0,7027.0
2023-01-10 14:20:00,4570.0,4574.5,4566.5,4571.0,6077.0
2023-01-10 14:25:00,4571.5,4574.75,4569.5,4572.75,2793.0
2023-01-10 14:30:00,4571.25,4572.75,4569.25,4570.5,6257.0
2023-01-10 14:35:00,4572.75,4574.0,4569.0,4572.25,3714.0
2023-01-10 14:40:00,4580.25,4584.5,4579.5,4581.0,7779.0
2023-01-10 14:45:00,4588.0,4589.25,4584.5,4586.75,774.0
2023-01-10 14:50:00,4588.5,4591.25,4585.25,4588.0,723.0
2023-01-10 14:55:00,4589.25,4590.75,4588.0,4589.5,4581.0
2023-01-10 15:00:00,4593.5,4595.5,4590.25,4594.75,7485.0
2023-01-10 15:05:00,4590.5,4593.25,4588.5,4589.75,975.0
2023-01-10 15:10:00,4592.0,4592.5,4586.25,4589.5,6334.0
2023-01-10 15:15:00,4592.25,4594.75,4588.75,4589.5,7539.0
2023-01-10 15:20:00,4593.5,4594.75,4590.75,4591.75,4147.0
2023-01-10 15:25:00,4590.75,4593.5,4587.25,4589.0,7002.0
2023-01-10 15:30:00,4585.25,4588.0,4581.75,4585.0,6177.0
2023-01-10 15:35:00,4577.75,4580.5,4575.25,4576.25,2106.0
2023-01-10 15:40:00,4574.0,4574.5,4569.75,4573.0,6906.0
2023-01-10 15:45:00,4572.5,4575.25,4570.25,4571.5,5745.0
2023-01-10 15:50:00,4571.5,4575.25,4569.0,4571.0,594.0
2023-01-10 15:55:00,4579.0,4582.0,4577.25,4580.75,4760.0
2023-01-11 09:30:00,4583.25,4585.5,4582.5,4584.25,5407.0
2023-01-11 09:35:00,4580.0,4583.0,4576.5,4580.0,6510.0
2023-01-11 09:40:00,4581.5,4582.5,4579.0,4580.75,6284.0
2023-01-11 09:45:00,4580.25,4582.75,4577.0,4579.5,4067.0
2023-01-11 09:50:00,4579.25,4582.75,4577.0,4579.75,2742.0
2023-01-11 09:55:00,4580.25,4581.75,4578.25,4581.0,1938.0
2023-01-11 10:00:00,4582.75,4585.0,4579.0,4581.5,1167.0
2023-01-11 10:05:00,4581.75,4584.0,4578.5,4581.75,5298.0
2023-01-11 10:10:00,4585.75,4587.25,4580.25,4583.0,7698.0
2023-01-11 10:15:00,4582.0,4585.5,4579.75,4582.25,1102.0
2023-01-11 10:20:00,4582.25,4584.25,4579.75,4583.25,5770.0
2023-01-11 10:25:00,4592.0,4593.5,4589.25,4591.5,4884.0
2023-01-11 10:30:00,4593.0,4598.75,4591.0,4595.5,1789.0
2023-01-11 10:35:00,4598.5,4599.5,4594.75,4597.25,2095.0
2023-01-11 10:40:00,4599.0,4602.5,4597.25,4599.25,2633.0
2023-01-11 10:45:00,4601.5,4602.0,4598.5,4601.25,5637.0
2023-01-11 10:50:00,4601.5,4603.5,4597.75,4601.25,2739.0
2023-01-11 10:55:00,4601.0,4601.75,4597.25,4600.75,6710.0
2023-01-11 11:00:00,4598.5,4601.25,4595.25,4598.5,3273.0
2023-01-11 11:05:00,4600.25,4604.5,4597.75,4601.5,1321.0
2023-01-11 11:10:00,4597.25,4602.5,4594.5,4599.25,1216.0
2023-01-11 11:15:00,4600.0,4603.5,4599.0,4600.0,3502.0
2023-01-11 11:20:00,4604.25,4608.0,4602.25,4605.25,3559.0
2023-01-11 11:25:00,4605.75,4608.75,4603.5,4604.75,6001.0
2023-01-11 11:30:00,4605.0,4608.0,4604.5,4606.0,4089.0
2023-01-11 11:35:00,4606.75,4610.25,4602.25,4605.75,1727.0
2023-01-11 11:40:00,4606.0,4610.0,4602.75,4607.5,2099.0
2023-01-11 11:45:00,4609.75,4616.0,4607.5,4612.75,4748.0
2023-01-11 11:50:00,4603.0,4604.25,4601.75,4603.0,3006.0
2023-01-11 11:55:00,4602.0,4604.25,4596.5,4599.0,5538.0
2023-01-11 12:00:00,4595.0,4597.75,4592.5,4594.25,7422.0
2023-01-11 12:05:00,4589.75,4592.5,4586.75,4591.5,3160.0
2023-01-11 12:10:00,4595.0,4597.0,4591.25,4595.75,4639.0
2023-01-11 12:15:00,4598.5,4602.5,4597.0,4598.75,6739.0
2023-01-11 12:20:00,4596.0,4599.25,4594.75,4597.5,2077.0
2023-01-11 12:25:00,4590.75,4592.5,4589.5,4591.5,4329.0
2023-01-11 12:30:00,4580.25,4583.25,4579.5,4581.75,2789.0
2023-01-11 12:35:00,4578.5,4581.5,4576.75,4579.75,5202.0
2023-01-11 12:40:00,4587.5,4592.0,4587.0,4589.5,6073.0
2023-01-11 12:45:00,4589.25,4593.25,4588.5,4589.75,1556.0
2023-01-11 12:50:00,4587.5,4592.5,4586.25,4588.75,1905.0
2023-01-11 12:55:00,4589.5,4592.0,4588.0,4589.0,673.0
2023-01-11 13:00:00,4584.0,4586.75,4580.25,4583.0,590.0
2023-01-11 13:05:00,4583.0,4587.0,4582.25,4585.5,880.0
2023-01-11 13:10:00,4583.75,4587.25,4580.5,4584.0,5801.0
2023-01-11 13:15:00,4583.5,4585.75,4582.5,4584.75,7279.0
2023-01-11 13:20:00,4586.75,4587.75,4586.0,4587.0,3572.0
2023-01-11 13:25:00,4588.25,4591.75,4587.0,4587.5,7119.0
2023-01-11 13:30:00,4591.0,4594.25,4588.25,4591.0,5972.0
2023-01-11 13:35:00,4588.5,4592.0,4587.25,4590.5,6556.0
2023-01-11 13:40:00,4592.25,4595.5,4590.0,4593.0,6049.0
2023-01-11 13:45:00,4598.25,4600.25,4595.25,4596.0,1997.0
2023-01-11 13:50:00,4595.0,4596.5,4591.0,4594.75,4425.0
2023-01-11 13:55:00,4592.0,4595.75,4591.0,4594.5,4440.0
2023-01-11 14:00:00,4597.0,4598.0,4595.0,4596.75,5312.0
2023-01-11 14:05:00,4596.75,4598.75,4591.0,4594.25,6470.0
2023-01-11 14:10:00,4602.0,4606.5,4600.75,4604.75,1344.0
2023-01-11 14:15:00,4600.75,4603.75,4599.25,4601.5,5560.0
2023-01-11 14:20:00,4606.25,4607.5,4603.0,4606.25,6747.0
2023-01-11 14:25:00,4607.0,4610.5,4605.0,4606.5,1366.0
2023-01-11 14:30:00,4608.0,4612.25,4607.75,4609.5,3612.0
2023-01-11 14:35:00,4614.25,4617.5,4611.5,4613.5,7216.0
2023-01-11 14:40:00,4613.0,4615.5,4612.5,4614.5,682.0
2023-01-11 14:45:00,4609.75,4613.0,4606.5,4610.5,1705.0
2023-01-11 14:50:00,4608.25,4612.0,4605.75,4608.75,6529.0
2023-01-11 14:55:00,4610.25,4612.0,4608.0,4610.5,1788.0
2023-01-11 15:00:00,4604.75,4605.75,4603.25,4604.5,5764.0
2023-01-11 15:05:00,4607.25,4610.0,4604.5,4608.75,7257.0
2023-01-11 15:10:00,4605.5,4607.0,4601.75,4604.25,4239.0
2023-01-11 15:15:00,4610.0,4612.0,4607.0,4607.75,4134.0
2023-01-11 15:20:00,4601.5,4603.75,4598.0,4602.25,3715.0
2023-01-11 15:25:00,4598.75,4601.0,4596.5,4599.5,3296.0
2023-01-11 15:30:00,4592.75,4596.0,4589.75,4593.5,3350.0
2023-01-11 15:35:00,4590.0,4591.25,4588.75,4590.5,4652.0
2023-01-11 15:40:00,4591.0,4592.75,4589.75,4590.75,7216.0
2023-01-11 15:45:00,4590.75,4594.5,4588.0,4591.75,7860.0
2023-01-11 15:50:00,4590.0,4591.0,4587.0,4590.0,6994.0
2023-01-11 15:55:00,4589.5,4590.75,4587.25,4589.0,1397.0
2023-01-12 09:30:00,4590.5,4591.75,4589.75,4590.25,2800.0
2023-01-12 09:35:00,4587.25,4590.25,4584.0,4590.0,6177.0
2023-01-12 09:40:00,4590.0,4592.0,4586.5,4587.5,4591.0
2023-01-12 09:45:00,4592.5,4594.0,4591.0,4593.25,3007.0
2023-01-12 09:50:00,4594.25,4595.5,4589.5,4592.0,2833.0
2023-01-12 09:55:00,4596.5,4600.25,4595.5,4596.5,1377.0
2023-01-12 10:00:00,4597.75,4601.25,4596.5,4597.25,2993.0
2023-01-12 10:05:00,4605.5,4606.75,4602.25,4602.75,3664.0
2023-01-12 10:10:00,4605.5,4607.5,4602.0,4606.0,3619.0
2023-01-12 10:15:00,4604.5,4606.5,4602.5,4604.0,4615.0
2023-01-12 10:20:00,4602.0,4605.25,4596.5,4599.25,2547.0
2023-01-12 10:25:00,4598.5,4602.75,4594.75,4599.75,2044.0
2023-01-12 10:30:00,4594.0,4597.0,4591.5,4596.0,7156.0
2023-01-12 10:35:00,4591.0,4594.0,4589.0,4593.25,3539.0
2023-01-12 10:40:00,4591.0,4593.25,4589.0,4591.5,2410.0
2023-01-12 10:45:00,4592.5,4595.75,4590.75,4592.5,5267.0
2023-01-12 10:50:00,4593.0,4598.0,4590.5,4594.75,4567.0
2023-01-12 10:55:00,4590.25,4593.5,4586.75,4592.75,4823.0
2023-01-12 11:00:00,4594.0,4597.75,4591.0,4595.5,2161.0
2023-01-12 11:05:00,4596.75,4597.75,4593.75,4595.5,5923.0
2023-01-12 11:10:00,4596.5,4599.5,4595.0,4596.75,1942.0
2023-01-12 11:15:00,4594.25,4598.25,4591.0,4595.0,6773.0
2023-01-12 11:20:00,4596.5,4598.5,4593.25,4594.0,3680.0
2023-01-12 11:25:00,4597.5,4598.75,4594.25,4598.0,3568.0
2023-01-12 11:30:00,4592.5,4597.75,4591.0,4595.5,3413.0
2023-01-12 11:35:00,4592.25,4595.0,4589.5,4593.25,3672.0
2023-01-12 11:40:00,4593.5,4598.75,4590.5,4595.5,5489.0
2023-01-12 11:45:00,4590.5,4592.25,4588.5,4590.75,4225.0
2023-01-12 11:50:00,4591.5,4594.75,4590.25,4591.25,1451.0
2023-01-12 11:55:00,4586.25,4588.25,4583.0,4586.75,4747.0
2023-01-12 12:00:00,4591.5,4592.5,4588.75,4590.25,2502.0
2023-01-12 12:05:00,4596.25,4597.75,4593.5,4595.0,1312.0
2023-01-12 12:10:00,4595.5,4597.75,4593.5,4597.25,6799.0
2023-01-12 12:15:00,4597.0,4600.25,4595.25,4599.0,2844.0
2023-01-12 12:20:00,4588.5,4591.0,4584.5,4587.0,4962.0
2023-01-12 12:25:00,4584.5,4586.75,4583.5,4585.75,1789.0
2023-01-12 12:30:00,4583.75,4584.5,4581.75,4583.5,3044.0
2023-01-12 12:35:00,4580.0,4581.25,4576.5,4580.5,3393.0
2023-01-12 12:40:00,4582.75,4584.0,4582.25,4583.5,1504.0
2023-01-12 12:45:00,4590.25,4595.0,4588.5,4591.75,7800.0
2023-01-12 12:50:00,4586.25,4589.75,4583.75,4586.25,2837.0
2023-01-12 12:55:00,4583.5,4586.0,4580.0,4585.25,4870.0
2023-01-12 13:00:00,4584.5,4587.75,4582.25,4585.0,4741.0
2023-01-12 13:05:00,4590.75,4594.25,4587.5,4591.5,3720.0
2023-01-12 13:10:00,4586.25,4590.0,4584.0,4585.25,4892.0
2023-01-12 13:15:00,4587.5,4592.0,4586.0,4590.5,4744.0
2023-01-12 13:20:00,4594.5,4596.5,4591.0,4595.0,1100.0
2023-01-12 13:25:00,4588.5,4591.5,4585.25,4589.5,5518.0
2023-01-12 13:30:00,4584.25,4587.25,4579.75,4582.0,1356.0
2023-01-12 13:35:00,4582.75,4585.5,4579.75,4581.75,3762.0
2023-01-12 13:40:00,4581.0,4584.75,4579.25,4582.75,3235.0
2023-01-12 13:45:00,4584.25,4586.0,4583.75,4584.75,3857.0
2023-01-12 13:50:00,4585.5,4588.25,4579.5,4582.75,1039.0
2023-01-12 13:55:00,4579.25,4583.75,4576.0,4580.5,5760.0
2023-01-12 14:00:00,4581.25,4583.0,4578.5,4580.5,3639.0
2023-01-12 14:05:00,4579.5,4584.0,4578.0,4581.25,956.0
2023-01-12 14:10:00,4584.25,4586.0,4582.5,4584.25,526.0
2023-01-12 14:15:00,4582.25,4584.5,4581.5,4582.5,4550.0
2023-01-12 14:20:00,4580.25,4584.0,4577.25,4581.75,5496.0
2023-01-12 14:25:00,4582.25,4585.25,4578.75,4581.0,4604.0
2023-01-12 14:30:00,4585.25,4589.0,4582.75,4584.0,5903.0
2023-01-12 14:35:00,4587.25,4589.0,4584.5,4587.0,6175.0
2023-01-12 14:40:00,4581.25,4584.0,4577.75,4582.5,7039.0
2023-01-12 14:45:00,4583.5,4585.25,4580.75,4581.75,7869.0
2023-01-12 14:50:00,4580.0,4580.75,4575.75,4577.75,7135.0
2023-01-12 14:55:00,4581.0,4583.5,4579.0,4582.25,6468.0
2023-01-12 15:00:00,4576.0,4576.75,4574.25,4575.25,3732.0
2023-01-12 15:05:00,4578.0,4579.75,4575.25,4577.25,4278.0
2023-01-12 15:10:00,4575.25,4576.25,4570.25,4572.5,5120.0
2023-01-12 15:15:00,4570.75,4572.25,4568.75,4569.75,1770.0
2023-01-12 15:20:00,4573.5,4576.5,4572.5,4573.5,5582.0
2023-01-12 15:25:00,4574.75,4577.25,4571.5,4576.0,4911.0
2023-01-12 15:30:00,4572.75,4575.0,4570.25,4571.5,4401.0
2023-01-12 15:35:00,4578.25,4583.75,4575.75,4580.5,6757.0
2023-01-12 15:40:00,4576.75,4579.0,4573.5,4575.75,5653.0
2023-01-12 15:45:00,4577.25,4578.25,4573.0,4576.25,7493.0
2023-01-12 15:50:00,4578.25,4582.0,4575.5,4580.5,7823.0
2023-01-12 15:55:00,4576.25,4579.0,4573.25,4576.5,6689.0
2023-01-13 09:30:00,4578.25,4580.25,4575.0,4577.5,2734.0
2023-01-13 09:35:00,4576.5,4577.5,4574.5,4576.25,1917.0
2023-01-13 09:40:00,4575.25,4579.0,4573.5,4577.25,2744.0
2023-01-13 09:45:00,4580.5,4584.75,4578.75,4582.5,5844.0
2023-01-13 09:50:00,4577.0,4578.25,4574.0,4575.75,6982.0
2023-01-13 09:55:00,4568.25,4570.75,4567.5,4568.25,7101.0
2023-01-13 10:00:00,4574.5,4575.25,4572.5,4574.5,5629.0
2023-01-13 10:05:00,4584.0,4585.5,4581.0,4582.75,5607.0
2023-01-13 10:10:00,4582.75,4585.75,4582.0,4582.75,7639.0
2023-01-13 10:15:00,4575.75,4577.25,4574.5,4576.0,5643.0
2023-01-13 10:20:00,4575.0,4579.0,4572.0,4576.5,1557.0
2023-01-13 10:25:00,4574.25,4577.5,4571.75,4575.75,4251.0
2023-01-13 10:30:00,4573.75,4575.25,4570.25,4573.25,3190.0
2023-01-13 10:35:00,4569.75,4573.25,4567.25,4569.5,5277.0
2023-01-13 10:40:00,4572.25,4574.75,4569.0,4573.0,5268.0
2023-01-13 10:45:00,4574.25,4575.5,4570.5,4573.5,2707.0
2023-01-13 10:50:00,4569.0,4573.25,4568.25,4570.0,2747.0
2023-01-13 10:55:00,4572.0,4574.75,4568.25,4571.75,1166.0
2023-01-13 11:00:00,4579.5,4582.25,4577.75,4578.25,2699.0
2023-01-13 11:05:00,4580.5,4581.0,4576.75,4579.25,6707.0
2023-01-13 11:10:00,4579.5,4582.25,4576.5,4581.5,5413.0
2023-01-13 11:15:00,4579.25,4581.75,4577.5,4579.0,7573.0
2023-01-13 11:20:00,4581.75,4585.0,4579.25,4584.0,7447.0
2023-01-13 11:25:00,4575.5,4576.75,4573.25,4574.75,6926.0
2023-01-13 11:30:00,4576.5,4579.75,4575.75,4576.75,1847.0
2023-01-13 11:35:00,4575.25,4579.75,4574.75,4578.5,3004.0
2023-01-13 11:40:00,4582.25,4582.75,4580.0,4580.75,931.0
2023-01-13 11:45:00,4581.75,4582.25,4578.5,4579.25,1201.0
2023-01-13 11:50:00,4588.0,4591.75,4585.75,4590.0,2232.0
2023-01-13 11:55:00,4584.25,4586.75,4581.0,4583.25,2601.0
2023-01-13 12:00:00,4586.75,4590.0,4584.75,4586.75,615.0
2023-01-13 12:05:00,4588.0,4589.0,4584.5,4587.25,6821.0
2023-01-13 12:10:00,4585.25,4586.5,4584.5,4585.5,4452.0
2023-01-13 12:15:00,4586.0,4588.25,4583.25,4584.75,5418.0
2023-01-13 12:20:00,4590.75,4592.25,4587.5,4590.5,5401.0
2023-01-13 12:25:00,4589.75,4592.25,4586.25,4590.25,7750.0
2023-01-13 12:30:00,4583.75,4587.25,4580.5,4582.25,1604.0
2023-01-13 12:35:00,4584.0,4586.0,4582.25,4583.0,3070.0
2023-01-13 12:40:00,4580.75,4582.5,4577.25,4580.25,2812.0
2023-01-13 12:45:00,4579.75,4583.5,4574.5,4577.75,4636.0
2023-01-13 12:50:00,4579.75,4580.5,4577.25,4579.25,4446.0
2023-01-13 12:55:00,4573.75,4577.25,4572.5,4574.0,6425.0
2023-01-13 13:00:00,4568.0,4570.0,4567.0,4567.5,4704.0
2023-01-13 13:05:00,4570.0,4572.0,4567.25,4569.75,2254.0
2023-01-13 13:10:00,4568.25,4571.75,4565.0,4568.25,4735.0
2023-01-13 13:15:00,4559.25,4561.25,4555.75,4558.25,7730.0
2023-01-13 13:20:00,4562.25,4565.0,4560.75,4563.25,4841.0
2023-01-13 13:25:00,4563.5,4566.75,4561.0,4565.5,4942.0
2023-01-13 13:30:00,4561.25,4563.75,4557.5,4560.5,1819.0
2023-01-13 13:35:00,4556.5,4559.5,4554.5,4557.25,559.0
2023-01-13 13:40:00,4559.75,4561.0,4556.5,4559.5,2071.0
2023-01-13 13:45:00,4561.25,4564.5,4559.75,4561.75,688.0
2023-01-13 13:50:00,4570.25,4575.0,4568.75,4572.5,3891.0
2023-01-13 13:55:00,4572.0,4574.5,4569.75,4572.75,7116.0
2023-01-13 14:00:00,4573.75,4574.25,4569.25,4571.25,3850.0
2023-01-13 14:05:00,4573.25,4575.75,4569.75,4574.0,5339.0
2023-01-13 14:10:00,4576.5,4578.75,4574.5,4578.25,6917.0
2023-01-13 14:15:00,4579.0,4579.75,4577.0,4578.75,6223.0
2023-01-13 14:20:00,4583.75,4587.0,4582.25,4585.25,5379.0
2023-01-13 14:25:00,4582.25,4583.0,4579.0,4581.25,6380.0
2023-01-13 14:30:00,4580.75,4582.25,4577.25,4578.75,2604.0
2023-01-13 14:35:00,4579.25,4582.0,4576.5,4579.5,3653.0
2023-01-13 14:40:00,4582.5,4583.75,4578.25,4580.0,3492.0
2023-01-13 14:45:00,4588.25,4591.75,4586.0,4587.75,6489.0
2023-01-13 14:50:00,4586.75,4591.75,4584.25,4588.5,3565.0
2023-01-13 14:55:00,4585.25,4587.75,4582.0,4582.75,7531.0
2023-01-13 15:00:00,4586.75,4590.25,4582.5,4585.0,1899.0
2023-01-13 15:05:00,4586.0,4589.25,4582.5,4584.75,1791.0
2023-01-13 15:10:00,4589.75,4591.25,4587.75,4589.75,5871.0
2023-01-13 15:15:00,4581.75,4584.75,4578.5,4581.25,6231.0
2023-01-13 15:20:00,4579.0,4581.75,4576.0,4581.0,5592.0
2023-01-13 15:25:00,4576.25,4580.25,4573.25,4577.75,2808.0
2023-01-13 15:30:00,4568.0,4570.75,4566.5,4568.75,568.0
2023-01-13 15:35:00,4564.75,4565.5,4563.25,4565.0,2911.0
2023-01-13 15:40:00,4561.75,4563.5,4559.0,4562.25,3999.0
2023-01-13 15:45:00,4561.25,4564.75,4557.75,4560.0,3595.0
2023-01-13 15:50:00,4565.5,4568.0,4563.0,4566.5,7415.0
2023-01-13 15:55:00,4564.75,4565.75,4561.0,4563.25,6977.0
2023-01-16 09:30:00,4561.25,4563.5,4558.25,4562.5,6312.0
2023-01-16 09:35:00,4561.25,4565.0,4560.25,4563.0,665.0
2023-01-16 09:40:00,4565.25,4568.75,4563.0,4565.5,1455.0
2023-01-16 09:45:00,4562.0,4564.75,4560.75,4561.75,3754.0
2023-01-16 09:50:00,4559.0,4561.25,4557.25,4559.5,5162.0
2023-01-16 09:55:00,4561.25,4562.25,4554.75,4557.25,5600.0
2023-01-16 10:00:00,4560.5,4561.5,4558.5,4561.0,2722.0
2023-01-16 10:05:00,4563.25,4565.0,4561.25,4563.0,1328.0
2023-01-16 10:10:00,4563.25,4566.5,4560.0,4563.25,2961.0
2023-01-16 10:15:00,4566.25,4570.0,4563.25,4567.0,6441.0
2023-01-16 10:20:00,4562.5,4564.25,4560.25,4562.5,7899.0
2023-01-16 10:25:00,4562.75,4565.25,4557.75,4561.25,7564.0
2023-01-16 10:30:00,4562.25,4564.0,4560.25,4562.0,4949.0
2023-01-16 10:35:00,4558.0,4560.5,4555.0,4558.0,1182.0
2023-01-16 10:40:00,4552.5,4554.75,4551.5,4552.75,7757.0
2023-01-16 10:45:00,4555.25,4558.25,4554.0,4555.5,1647.0
2023-01-16 10:50:00,4554.25,4557.75,4552.75,4555.75,2512.0
2023-01-16 10:55:00,4550.75,4554.25,4548.5,4549.25,7805.0
2023-01-16 11:00:00,4550.5,4552.75,4548.5,4550.75,4279.0
2023-01-16 11:05:00,4555.0,4557.25,4554.0,4556.75,1983.0
2023-01-16 11:10:00,4546.75,4548.0,4542.0,4544.5,4265.0
2023-01-16 11:15:00,4541.75,4544.0,4540.5,4542.0,1092.0
2023-01-16 11:20:00,4538.5,4540.75,4537.0,4537.75,2867.0
2023-01-16 11:25:00,4544.0,4546.25,4540.0,4543.5,7641.0
2023-01-16 11:30:00,4545.25,4548.0,4541.5,4544.0,2739.0
2023-01-16 11:35:00,4548.25,4549.75,4544.75,4548.0,7194.0
2023-01-16 11:40:00,4544.5,4549.5,4542.5,4547.0,4572.0
2023-01-16 11:45:00,4540.5,4543.25,4538.25,4538.75,5417.0
2023-01-16 11:50:00,4542.5,4544.25,4538.5,4540.75,5772.0
2023-01-16 11:55:00,4543.0,4544.5,4538.75,4541.0,4635.0
2023-01-16 12:00:00,4545.0,4548.5,4544.5,4547.5,757.0
2023-01-16 12:05:00,4544.75,4546.5,4540.75,4544.0,7394.0
2023-01-16 12:10:00,4546.0,4548.75,4543.5,4545.75,4062.0
2023-01-16 12:15:00,4546.75,4550.0,4543.25,4546.25,5416.0
2023-01-16 12:20:00,4549.75,4552.0,4546.5,4548.5,4654.0
2023-01-16 12:25:00,4553.0,4554.25,4550.25,4552.5,5437.0
2023-01-16 12:30:00,4547.25,4553.25,4546.0,4550.5,3160.0
2023-01-16 12:35:00,4539.25,4544.0,4535.75,4541.25,6827.0
2023-01-16 12:40:00,4543.25,4544.75,4540.25,4542.0,2182.0
2023-01-16 12:45:00,4547.75,4551.75,4546.75,4548.5,5399.0
2023-01-16 12:50:00,4544.25,4545.0,4542.5,4543.0,4834.0
2023-01-16 12:55:00,4537.75,4538.25,4532.75,4535.25,4277.0
2023-01-16 13:00:00,4538.25,4540.5,4534.75,4539.75,664.0
2023-01-16 13:05:00,4542.0,4544.5,4538.5,4543.5,3422.0
2023-01-16 13:10:00,4548.75,4553.25,4546.0,4550.0,856.0
2023-01-16 13:15:00,4550.75,4552.5,4546.5,4550.0,4273.0
2023-01-16 13:20:00,4549.75,4551.0,4546.75,4549.5,5658.0
2023-01-16 13:25:00,4546.5,4549.5,4545.0,4547.75,4418.0
2023-01-16 13:30:00,4547.0,4549.25,4544.5,4547.5,6177.0
2023-01-16 13:35:00,4546.0,4547.5,4544.75,4545.5,3206.0
2023-01-16 13:40:00,4542.5,4543.5,4539.25,4540.25,2796.0
2023-01-16 13:45:00,4550.25,4553.0,4548.5,4550.5,3860.0
2023-01-16 13:50:00,4557.0,4559.25,4555.75,4558.5,2218.0
2023-01-16 13:55:00,4561.25,4564.25,4556.25,4559.75,6514.0
2023-01-16 14:00:00,4558.25,4560.25,4554.5,4559.0,6572.0
2023-01-16 14:05:00,4561.5,4564.75,4560.0,4562.0,3623.0
2023-01-16 14:10:00,4564.0,4568.25,4561.5,4565.25,6444.0
2023-01-16 14:15:00,4566.0,4568.0,4564.25,4567.25,691.0
2023-01-16 14:20:00,4570.75,4571.5,4569.0,4569.75,1660.0
2023-01-16 14:25:00,4573.25,4576.75,4569.5,4571.0,2622.0
2023-01-16 14:30:00,4576.25,4578.25,4574.25,4575.5,3409.0
2023-01-16 14:35:00,4578.75,4582.5,4577.25,4580.0,2238.0
2023-01-16 14:40:00,4580.25,4580.75,4578.5,4579.5,4341.0
2023-01-16 14:45:00,4574.0,4575.25,4572.25,4573.0,6451.0
2023-01-16 14:50:00,4574.5,4576.5,4570.75,4572.0,3921.0
2023-01-16 14:55:00,4572.75,4578.5,4569.25,4575.0,3869.0
2023-01-16 15:00:00,4568.25,4570.75,4567.5,4569.5,949.0
2023-01-16 15:05:00,4574.75,4578.75,4573.25,4575.75,2602.0
2023-01-16 15:10:00,4581.25,4585.0,4579.0,4582.5,6554.0
2023-01-16 15:15:00,4586.5,4588.0,4584.75,4587.25,6580.0
2023-01-16 15:20:00,4587.5,4589.0,4585.0,4587.25,1282.0
2023-01-16 15:25:00,4592.75,4594.0,4592.0,4592.5,644.0
2023-01-16 15:30:00,4593.0,4595.0,4590.0,4592.5,6732.0
2023-01-16 15:35:00,4594.0,4600.25,4591.75,4597.75,1806.0
2023-01-16 15:40:00,4590.25,4592.75,4587.5,4591.0,4809.0
2023-01-16 15:45:00,4592.0,4593.25,4589.0,4591.25,6702.0
2023-01-16 15:50:00,4592.25,4595.75,4590.5,4593.0,6404.0
2023-01-16 15:55:00,4587.75,4590.25,4584.75,4586.5,4629.0
2023-01-17 09:30:00,4587.75,4592.0,4586.75,4590.0,3324.0
2023-01-17 09:35:00,4587.75,4590.0,4584.75,4587.0,6302.0
2023-01-17 09:40:00,4594.75,4596.5,4594.0,4595.25,5710.0
2023-01-17 09:45:00,4598.25,4602.25,4596.75,4599.5,6786.0
2023-01-17 09:50:00,4598.5,4600.75,4595.75,4599.0,4353.0
2023-01-17 09:55:00,4599.5,4601.25,4598.75,4599.75,7564.0
2023-01-17 10:00:00,4600.0,4601.0,4599.25,4600.0,6273.0
2023-01-17 10:05:00,4599.5,4601.75,4596.75,4599.25,975.0
2023-01-17 10:10:00,4595.75,4598.0,4593.25,4595.0,2704.0
2023-01-17 10:15:00,4595.25,4597.0,4591.75,4594.75,6494.0
2023-01-17 10:20:00,4592.75,4598.0,4589.5,4595.0,1370.0
2023-01-17 10:25:00,4588.5,4591.75,4584.75,4588.25,5815.0
2023-01-17 10:30:00,4590.5,4591.5,4587.75,4589.5,3054.0
2023-01-17 10:35:00,4592.25,4595.0,4590.25,4591.5,2052.0
2023-01-17 10:40:00,4586.0,4589.25,4583.5,4587.5,4549.0
2023-01-17 10:45:00,4585.75,4590.25,4583.25,4586.75,7487.0
2023-01-17 10:50:00,4589.5,4591.5,4587.25,4590.25,7232.0
2023-01-17 10:55:00,4593.75,4595.0,4591.75,4593.25,3531.0
2023-01-17 11:00:00,4597.75,4600.5,4597.0,4598.5,527.0
2023-01-17 11:05:00,4598.0,4599.5,4596.0,4597.25,7157.0
2023-01-17 11:10:00,4595.25,4598.0,4594.0,4594.75,7229.0
2023-01-17 11:15:00,4591.5,4594.75,4590.5,4592.75,5038.0
2023-01-17 11:20:00,4593.0,4595.25,4589.5,4594.25,5214.0
2023-01-17 11:25:00,4594.5,4596.75,4592.75,4593.25,4450.0
2023-01-17 11:30:00,4599.5,4602.75,4596.0,4598.25,593.0
2023-01-17 11:35:00,4603.75,4607.0,4600.25,4604.0,1696.0
2023-01-17 11:40:00,4603.5,4608.0,4602.0,4606.0,1575.0
2023-01-17 11:45:00,4599.25,4600.5,4594.5,4596.5,7357.0
2023-01-17 11:50:00,4598.25,4599.75,4595.5,4598.75,873.0
2023-01-17 11:55:00,4599.25,4602.5,4596.0,4597.5,4674.0
2023-01-17 12:00:00,4598.75,4601.5,4596.0,4598.0,3221.0
2023-01-17 12:05:00,4597.0,4599.25,4593.25,4596.5,545.0
2023-01-17 12:10:00,4598.0,4601.25,4594.5,4597.5,7394.0
2023-01-17 12:15:00,4596.5,4597.25,4592.75,4595.75,637.0
2023-01-17 12:20:00,4594.25,4597.0,4590.75,4594.25,6918.0
2023-01-17 12:25:00,4595.75,4597.0,4593.25,4595.0,6332.0
2023-01-17 12:30:00,4594.5,4595.25,4589.5,4592.5,6452.0
2023-01-17 12:35:00,4595.5,4598.75,4593.25,4596.75,1714.0
2023-01-17 12:40:00,4596.75,4599.5,4594.25,4597.75,7108.0
2023-01-17 12:45:00,4593.0,4597.5,4590.0,4594.0,4990.0
2023-01-17 12:50:00,4591.25,4592.75,4586.25,4589.25,3514.0
2023-01-17 12:55:00,4596.75,4600.25,4593.5,4597.25,5608.0
2023-01-17 13:00:00,4592.75,4596.5,4591.25,4593.75,3060.0
2023-01-17 13:05:00,4585.25,4587.75,4581.25,4583.75,2595.0
2023-01-17 13:10:00,4578.75,4582.0,4577.25,4578.75,2661.0
2023-01-17 13:15:00,4579.0,4580.75,4576.5,4578.75,4769.0
2023-01-17 13:20:00,4579.25,4583.5,4576.5,4582.0,5007.0
2023-01-17 13:25:00,4579.25,4582.75,4576.25,4581.75,2301.0
2023-01-17 13:30:00,4583.75,4585.25,4579.75,4581.5,2342.0
2023-01-17 13:35:00,4574.25,4581.0,4572.25,4577.75,7597.0
2023-01-17 13:40:00,4576.0,4578.0,4573.25,4574.75,4361.0
2023-01-17 13:45:00,4582.0,4584.75,4581.0,4583.25,6951.0
2023-01-17 13:50:00,4578.0,4580.5,4576.75,4579.25,2976.0
2023-01-17 13:55:00,4576.75,4578.75,4572.0,4575.5,2660.0
2023-01-17 14:00:00,4574.25,4577.75,4572.75,4575.0,2619.0
2023-01-17 14:05:00,4571.25,4572.75,4567.5,4571.0,4466.0
2023-01-17 14:10:00,4570.25,4574.0,4569.0,4571.0,6342.0
2023-01-17 14:15:00,4575.75,4578.5,4573.0,4576.0,4254.0
2023-01-17 14:20:00,4582.75,4587.25,4580.5,4584.25,2712.0
2023-01-17 14:25:00,4581.75,4583.0,4579.0,4581.75,7700.0
2023-01-17 14:30:00,4589.0,4591.5,4586.25,4588.75,4793.0
2023-01-17 14:35:00,4589.25,4591.75,4586.5,4590.75,3455.0
2023-01-17 14:40:00,4596.0,4598.5,4592.5,4596.75,572.0
2023-01-17 14:45:00,4595.75,4599.75,4593.5,4596.75,4716.0
2023-01-17 14:50:00,4596.5,4599.0,4595.0,4595.75,5157.0
2023-01-17 14:55:00,4598.0,4599.25,4595.25,4596.75,7465.0
2023-01-17 15:00:00,4610.0,4613.25,4606.5,4609.25,2230.0
2023-01-17 15:05:00,4613.5,4614.0,4610.5,4612.5,1721.0
2023-01-17 15:10:00,4611.0,4614.5,4608.75,4612.25,7994.0
2023-01-17 15:15:00,4614.75,4619.75,4612.5,4616.25,4628.0
2023-01-17 15:20:00,4613.75,4616.0,4611.75,4613.5,701.0
2023-01-17 15:25:00,4612.25,4617.25,4609.25,4614.25,1292.0
2023-01-17 15:30:00,4615.75,4620.0,4613.0,4617.75,4065.0
2023-01-17 15:35:00,4616.0,4619.5,4613.25,4616.5,5131.0
2023-01-17 15:40:00,4617.25,4620.0,4613.5,4616.25,2327.0
2023-01-17 15:45:00,4617.75,4622.5,4614.25,4619.75,3242.0
2023-01-17 15:50:00,4619.25,4620.25,4616.75,4619.0,6021.0
2023-01-17 15:55:00,4621.0,4624.0,4617.25,4621.0,7757.0
2023-01-18 09:30:00,4614.0,4615.25,4612.75,4613.5,4182.0
2023-01-18 09:35:00,4616.75,4620.25,4613.0,4615.5,3615.0
2023-01-18 09:40:00,4613.25,4614.5,4608.5,4611.25,3208.0
2023-01-18 09:45:00,4608.25,4610.25,4606.25,4609.0,1521.0
2023-01-18 09:50:00,4608.25,4611.5,4605.75,4607.25,895.0
2023-01-18 09:55:00,4608.75,4614.25,4606.5,4613.0,6754.0
2023-01-18 10:00:00,4606.5,4608.0,4603.25,4605.0,778.0
2023-01-18 10:05:00,4609.75,4612.5,4604.5,4608.0,6656.0
2023-01-18 10:10:00,4605.0,4606.75,4603.5,4605.75,2354.0
2023-01-18 10:15:00,4603.75,4606.75,4602.75,4605.75,5711.0
2023-01-18 10:20:00,4601.75,4604.0,4599.5,4602.0,7636.0
2023-01-18 10:25:00,4602.0,4604.0,4600.25,4602.75,6116.0
2023-01-18 10:30:00,4603.25,4604.25,4599.75,4600.5,5971.0
2023-01-18 10:35:00,4599.75,4600.25,4596.5,4598.75,2485.0
2023-01-18 10:40:00,4602.5,4604.25,4599.0,4601.0,4986.0
2023-01-18 10:45:00,4603.0,4604.5,4599.5,4600.5,5315.0
2023-01-18 10:50:00,4596.25,4597.0,4594.0,4596.5,3689.0
2023-01-18 10:55:00,4589.25,4591.75,4584.0,4586.25,785.0
2023-01-18 11:00:00,4589.5,4592.0,4584.75,4587.75,7343.0
2023-01-18 11:05:00,4589.0,4589.5,4586.5,4588.25,1976.0
2023-01-18 11:10:00,4588.75,4590.25,4586.25,4587.75,7800.0
2023-01-18 11:15:00,4589.0,4592.75,4585.5,4589.5,7492.0
2023-01-18 11:20:00,4590.0,4592.75,4587.75,4590.5,641.0
2023-01-18 11:25:00,4593.75,4596.75,4593.0,4595.0,6044.0
2023-01-18 11:30:00,4589.75,4592.75,4586.75,4590.75,5255.0
2023-01-18 11:35:00,4585.75,4588.5,4584.75,4587.25,2230.0
2023-01-18 11:40:00,4582.0,4585.0,4579.0,4582.0,6595.0
2023-01-18 11:45:00,4583.25,4587.0,4580.5,4583.75,1335.0
2023-01-18 11:50:00,4588.0,4592.25,4584.5,4588.75,2365.0
2023-01-18 11:55:00,4586.75,4588.0,4583.25,4587.0,7616.0
2023-01-18 12:00:00,4577.75,4579.25,4575.75,4577.25,6071.0
2023-01-18 12:05:00,4571.75,4572.75,4568.5,4571.25,1341.0
2023-01-18 12:10:00,4569.0,4570.25,4566.25,4567.75,1580.0
2023-01-18 12:15:00,4567.0,4569.25,4564.75,4567.75,2428.0
2023-01-18 12:20:00,4565.75,4568.25,4563.25,4565.75,1029.0
2023-01-18 12:25:00,4566.25,4567.25,4564.75,4565.25,1869.0
2023-01-18 12:30:00,4565.25,4568.75,4564.0,4564.5,4788.0
2023-01-18 12:35:00,4569.5,4570.25,4567.0,4567.75,555.0
2023-01-18 12:40:00,4567.25,4569.0,4566.25,4568.5,2655.0
2023-01-18 12:45:00,4564.25,4567.5,4563.0,4564.25,2856.0
2023-01-18 12:50:00,4566.25,4569.0,4561.75,4565.0,7781.0
2023-01-18 12:55:00,4560.75,4563.5,4558.75,4562.0,7806.0
2023-01-18 13:00:00,4562.5,4564.75,4558.75,4561.75,6841.0
2023-01-18 13:05:00,4563.0,4564.25,4558.0,4561.25,3064.0
2023-01-18 13:10:00,4562.75,4565.25,4560.0,4564.25,4454.0
2023-01-18 13:15:00,4568.75,4570.75,4566.25,4568.0,4282.0
2023-01-18 13:20:00,4566.75,4568.25,4563.0,4566.25,6951.0
2023-01-18 13:25:00,4574.5,4577.0,4571.75,4574.5,6094.0
2023-01-18 13:30:00,4574.0,4576.75,4571.0,4575.5,7299.0
2023-01-18 13:35:00,4569.5,4572.0,4566.0,4569.5,4633.0
2023-01-18 13:40:00,4570.0,4572.75,4566.0,4568.25,7393.0
2023-01-18 13:45:00,4566.25,4568.0,4564.0,4567.0,6076.0
2023-01-18 13:50:00,4563.75,4564.25,4559.75,4563.0,6041.0
2023-01-18 13:55:00,4565.5,4569.75,4563.5,4568.0,5462.0
2023-01-18 14:00:00,4567.75,4570.5,4564.5,4567.75,3017.0
2023-01-18 14:05:00,4565.5,4568.25,4562.0,4562.5,5064.0
2023-01-18 14:10:00,4569.5,4572.75,4569.0,4570.0,3174.0
2023-01-18 14:15:00,4574.0,4578.25,4571.75,4576.5,5372.0
2023-01-18 14:20:00,4579.5,4582.75,4578.75,4581.5,2410.0
2023-01-18 14:25:00,4581.5,4586.25,4578.0,4584.0,6493.0
2023-01-18 14:30:00,4586.75,4588.0,4585.0,4585.5,4785.0
2023-01-18 14:35:00,4580.25,4584.25,4577.25,4581.5,5826.0
2023-01-18 14:40:00,4579.25,4580.25,4577.0,4578.25,2163.0
2023-01-18 14:45:00,4576.25,4578.0,4572.75,4576.5,6438.0
2023-01-18 14:50:00,4577.0,4579.0,4573.5,4575.25,6519.0
2023-01-18 14:55:00,4575.0,4577.0,4573.75,4574.25,1591.0
2023-01-18 15:00:00,4574.75,4577.0,4573.25,4573.75,3125.0
2023-01-18 15:05:00,4581.75,4585.0,4579.5,4583.0,5582.0
2023-01-18 15:10:00,4581.5,4586.0,4577.75,4582.5,7051.0
2023-01-18 15:15:00,4583.25,4586.75,4579.5,4583.5,6027.0
2023-01-18 15:20:00,4582.5,4585.75,4579.25,4580.75,4037.0
2023-01-18 15:25:00,4583.0,4585.5,4580.5,4582.5,2749.0
2023-01-18 15:30:00,4583.25,4585.75,4581.5,4582.25,7324.0
2023-01-18 15:35:00,4585.25,4588.75,4583.0,4586.25,7059.0
2023-01-18 15:40:00,4589.75,4593.25,4587.25,4591.25,7226.0
2023-01-18 15:45:00,4596.0,4599.0,4594.75,4597.5,2785.0
2023-01-18 15:50:00,4597.25,4599.75,4593.75,4596.25,3773.0
2023-01-18 15:55:00,4599.75,4600.25,4592.5,4596.0,2328.0
2023-01-19 09:30:00,4595.75,4596.25,4592.75,4593.25,7659.0
2023-01-19 09:35:00,4595.5,4600.75,4594.5,4597.5,7003.0
2023-01-19 09:40:00,4599.25,4600.0,4597.5,4598.75,1799.0
2023-01-19 09:45:00,4602.75,4605.0,4600.75,4601.75,2352.0
2023-01-19 09:50:00,4603.75,4608.5,4602.75,4606.0,4640.0
2023-01-19 09:55:00,4607.25,4610.0,4604.75,4609.0,3616.0
2023-01-19 10:00:00,4609.25,4612.75,4608.5,4609.25,3949.0
2023-01-19 10:05:00,4614.0,4615.0,4610.75,4613.5,3259.0
2023-01-19 10:10:00,4615.25,4618.5,4611.75,4615.0,5554.0
2023-01-19 10:15:00,4614.25,4617.5,4610.75,4614.5,7235.0
2023-01-19 10:20:00,4615.5,4619.0,4613.0,4617.75,7379.0
2023-01-19 10:25:00,4605.0,4606.5,4604.0,4605.5,3914.0
2023-01-19 10:30:00,4606.75,4609.25,4606.0,4607.75,6709.0
2023-01-19 10:35:00,4593.5,4596.75,4592.25,4595.0,5707.0
2023-01-19 10:40:00,4587.5,4588.75,4582.25,4585.75,1976.0
2023-01-19 10:45:00,4589.25,4594.0,4585.75,4590.25,6455.0
2023-01-19 10:50:00,4591.25,4592.5,4589.25,4590.75,3128.0
2023-01-19 10:55:00,4587.25,4590.25,4582.25,4583.75,5209.0
2023-01-19 11:00:00,4584.75,4585.75,4579.75,4582.0,5904.0
2023-01-19 11:05:00,4590.0,4593.75,4587.25,4588.75,7577.0
2023-01-19 11:10:00,4588.5,4590.5,4585.0,4589.25,7612.0
2023-01-19 11:15:00,4597.0,4599.0,4595.75,4597.25,6518.0
2023-01-19 11:20:00,4597.25,4599.75,4595.5,4597.5,4294.0
2023-01-19 11:25:00,4599.0,4602.5,4597.25,4601.75,3501.0
2023-01-19 11:30:00,4605.25,4608.25,4602.5,4603.5,3809.0
2023-01-19 11:35:00,4605.75,4607.25,4604.25,4605.75,7631.0
2023-01-19 11:40:00,4602.5,4605.0,4599.25,4602.75,2037.0
2023-01-19 11:45:00,4602.25,4604.5,4600.25,4601.25,4434.0
2023-01-19 11:50:00,4602.25,4604.75,4600.0,4602.25,5596.0
2023-01-19 11:55:00,4597.5,4598.25,4593.5,4595.25,669.0
2023-01-19 12:00:00,4596.75,4599.75,4595.75,4598.75,5261.0
2023-01-19 12:05:00,4594.25,4595.25,4593.0,4593.5,2450.0
2023-01-19 12:10:00,4598.0,4602.25,4596.5,4600.75,2604.0
2023-01-19 12:15:00,4598.25,4599.25,4597.5,4598.25,5162.0
2023-01-19 12:20:00,4597.5,4602.25,4595.75,4599.0,566.0
2023-01-19 12:25:00,4597.25,4599.5,4594.25,4597.25,1676.0
2023-01-19 12:30:00,4598.5,4600.75,4595.5,4598.25,3912.0
2023-01-19 12:35:00,4601.0,4602.5,4596.5,4600.0,4880.0
2023-01-19 12:40:00,4597.5,4599.0,4595.5,4597.5,1318.0
2023-01-19 12:45:00,4593.75,4596.25,4591.0,4594.25,3211.0
2023-01-19 12:50:00,4598.25,4599.5,4594.5,4597.0,2806.0
2023-01-19 12:55:00,4596.75,4598.5,4595.5,4596.75,4507.0
2023-01-19 13:00:00,4591.75,4593.75,4589.5,4591.0,2754.0
2023-01-19 13:05:00,4593.75,4599.0,4591.5,4597.0,514.0
2023-01-19 13:10:00,4595.75,4599.25,4592.5,4595.5,4475.0
2023-01-19 13:15:00,4590.25,4593.5,4588.25,4592.5,6863.0
2023-01-19 13:20:00,4591.25,4593.25,4590.0,4591.0,4885.0
2023-01-19 13:25:00,4594.25,4595.5,4590.5,4594.75,3214.0
2023-01-19 13:30:00,4596.0,4597.5,4593.25,4594.0,4117.0
2023-01-19 13:35:00,4598.5,4601.25,4594.25,4597.75,1551.0
2023-01-19 13:40:00,4593.5,4594.75,4590.5,4593.75,2274.0
2023-01-19 13:45:00,4595.0,4599.5,4591.75,4597.25,3784.0
2023-01-19 13:50:00,4594.0,4596.25,4591.0,4594.25,4942.0
2023-01-19 13:55:00,4592.5,4595.0,4591.5,4594.5,4146.0
2023-01-19 14:00:00,4596.0,4600.25,4593.5,4596.75,7721.0
2023-01-19 14:05:00,4601.5,4605.75,4598.75,4603.75,5280.0
2023-01-19 14:10:00,4608.5,4611.5,4605.5,4608.5,672.0
2023-01-19 14:15:00,4613.5,4618.75,4612.25,4616.75,4434.0
2023-01-19 14:20:00,4613.25,4616.75,4611.75,4612.75,4871.0
2023-01-19 14:25:00,4615.0,4616.25,4612.25,4613.75,826.0
2023-01-19 14:30:00,4618.0,4619.75,4614.25,4616.25,3387.0
2023-01-19 14:35:00,4618.75,4624.75,4616.25,4621.75,7036.0
2023-01-19 14:40:00,4619.25,4622.0,4616.25,4620.5,3176.0
2023-01-19 14:45:00,4622.75,4624.25,4619.25,4622.25,3923.0
2023-01-19 14:50:00,4622.75,4628.0,4620.0,4624.5,2158.0
2023-01-19 14:55:00,4620.25,4623.5,4618.75,4621.25,1077.0
2023-01-19 15:00:00,4619.0,4624.25,4616.75,4621.5,2886.0
2023-01-19 15:05:00,4621.5,4624.0,4617.75,4619.25,6296.0
2023-01-19 15:10:00,4621.75,4624.75,4620.0,4621.25,7873.0
2023-01-19 15:15:00,4623.25,4626.5,4622.0,4622.5,5451.0
2023-01-19 15:20:00,4626.0,4628.25,4621.5,4623.25,6731.0
2023-01-19 15:25:00,4624.75,4627.75,4623.5,4626.25,5370.0
2023-01-19 15:30:00,4627.75,4628.25,4625.0,4627.5,5440.0
2023-01-19 15:35:00,4629.5,4633.0,4628.75,4630.5,3701.0
2023-01-19 15:40:00,4625.0,4631.5,4623.75,4628.25,959.0
2023-01-19 15:45:00,4630.75,4632.5,4629.5,4630.25,3578.0
2023-01-19 15:50:00,4629.0,4630.0,4626.0,4628.5,6986.0
2023-01-19 15:55:00,4623.0,4624.75,4620.75,4623.25,4522.0
2023-01-20 09:30:00,4619.5,4623.0,4618.0,4620.75,6214.0
2023-01-20 09:35:00,4616.0,4619.0,4614.25,4615.25,879.0
2023-01-20 09:40:00,4616.25,4617.5,4612.0,4615.5,2009.0
2023-01-20 09:45:00,4615.5,4619.5,4613.25,4617.0,2742.0
2023-01-20 09:50:00,4614.5,4618.0,4612.0,4615.0,3195.0
2023-01-20 09:55:00,4617.0,4620.5,4612.0,4614.25,7909.0
2023-01-20 10:00:00,4618.5,4619.5,4613.75,4617.0,3964.0
2023-01-20 10:05:00,4620.0,4625.5,4616.5,4622.0,5466.0
2023-01-20 10:10:00,4621.75,4624.75,4620.0,4622.25,5333.0
2023-01-20 10:15:00,4624.25,4627.25,4620.5,4623.25,3642.0
2023-01-20 10:20:00,4616.75,4617.25,4615.25,4616.5,7747.0
2023-01-20 10:25:00,4615.5,4617.75,4613.0,4615.5,2167.0
2023-01-20 10:30:00,4607.75,4611.25,4606.0,4608.75,758.0
2023-01-20 10:35:00,4608.0,4609.5,4605.75,4606.25,6089.0
2023-01-20 10:40:00,4608.25,4610.25,4603.5,4607.25,5403.0
2023-01-20 10:45:00,4612.5,4615.0,4609.25,4612.75,2452.0
2023-01-20 10:50:00,4617.0,4619.25,4615.5,4617.0,7009.0
2023-01-20 10:55:00,4618.0,4619.5,4614.25,4618.75,1717.0
2023-01-20 11:00:00,4616.5,4618.25,4613.25,4614.75,2382.0
2023-01-20 11:05:00,4618.5,4620.0,4616.5,4619.0,1658.0
2023-01-20 11:10:00,4616.75,4621.75,4613.5,4618.25,1896.0
2023-01-20 11:15:00,4617.0,4621.25,4615.5,4617.5,5969.0
2023-01-20 11:20:00,4620.75,4622.5,4618.75,4621.0,5776.0
2023-01-20 11:25:00,4619.0,4620.0,4616.25,4618.75,5321.0
2023-01-20 11:30:00,4622.25,4623.25,4620.25,4621.0,6955.0
2023-01-20 11:35:00,4625.0,4627.0,4623.0,4624.75,1023.0
2023-01-20 11:40:00,4621.5,4626.75,4620.25,4623.25,5153.0
2023-01-20 11:45:00,4625.5,4627.5,4622.5,4625.25,1362.0
2023-01-20 11:50:00,4628.25,4629.0,4626.0,4627.0,7667.0
2023-01-20 11:55:00,4628.75,4629.5,4627.0,4628.25,5253.0
2023-01-20 12:00:00,4626.25,4627.75,4623.5,4626.5,6199.0
2023-01-20 12:05:00,4623.25,4626.5,4621.75,4622.75,4783.0
2023-01-20 12:10:00,4621.5,4624.75,4619.75,4622.25,3377.0
2023-01-20 12:15:00,4623.75,4626.75,4621.0,4624.5,5644.0
2023-01-20 12:20:00,4620.5,4623.25,4617.5,4621.75,6768.0
2023-01-20 12:25:00,4622.25,4627.75,4621.5,4624.25,1835.0
2023-01-20 12:30:00,4618.0,4621.0,4614.75,4619.25,7038.0
2023-01-20 12:35:00,4617.5,4620.75,4613.5,4616.25,5949.0
2023-01-20 12:40:00,4618.0,4621.5,4615.25,4616.75,1143.0
2023-01-20 12:45:00,4627.5,4629.5,4624.25,4627.25,7520.0
2023-01-20 12:50:00,4622.5,4625.75,4619.0,4622.0,1851.0
2023-01-20 12:55:00,4628.25,4629.5,4624.25,4626.5,5007.0
2023-01-20 13:00:00,4629.0,4631.5,4626.0,4628.25,1471.0
2023-01-20 13:05:00,4630.75,4631.5,4627.25,4630.0,1970.0
2023-01-20 13:10:00,4631.5,4633.5,4626.75,4630.5,5322.0
2023-01-20 13:15:00,4633.25,4634.5,4630.5,4632.75,5596.0
2023-01-20 13:20:00,4633.0,4635.25,4629.75,4634.5,5652.0
2023-01-20 13:25:00,4638.5,4639.25,4635.75,4638.75,3073.0
2023-01-20 13:30:00,4637.0,4642.0,4633.75,4640.5,6651.0
2023-01-20 13:35:00,4641.5,4644.25,4638.0,4641.75,869.0
2023-01-20 13:40:00,4639.5,4641.25,4638.0,4639.0,6907.0
2023-01-20 13:45:00,4639.5,4640.75,4638.5,4639.5,2767.0
2023-01-20 13:50:00,4635.75,4639.75,4633.25,4636.0,5154.0
2023-01-20 13:55:00,4637.5,4641.75,4635.75,4638.25,7291.0
2023-01-20 14:00:00,4643.25,4647.0,4640.75,4646.0,2416.0
2023-01-20 14:05:00,4643.0,4645.0,4638.75,4642.0,3583.0
2023-01-20 14:10:00,4642.5,4646.5,4639.0,4643.75,6712.0
2023-01-20 14:15:00,4638.75,4641.75,4637.0,4639.0,6984.0
2023-01-20 14:20:00,4638.0,4639.75,4633.0,4636.0,2264.0
2023-01-20 14:25:00,4632.5,4636.25,4631.25,4633.5,4314.0
2023-01-20 14:30:00,4629.25,4632.0,4627.0,4631.0,2999.0
2023-01-20 14:35:00,4630.25,4631.75,4628.5,4629.25,4377.0
2023-01-20 14:40:00,4635.5,4638.25,4633.25,4635.5,3343.0
2023-01-20 14:45:00,4646.0,4648.5,4641.5,4643.75,539.0
2023-01-20 14:50:00,4644.25,4647.25,4639.5,4642.5,7433.0
2023-01-20 14:55:00,4649.75,4651.75,4647.25,4651.25,5278.0
2023-01-20 15:00:00,4650.75,4652.0,4648.5,4650.25,3962.0
2023-01-20 15:05:00,4650.5,4651.25,4648.5,4649.0,1308.0
2023-01-20 15:10:00,4652.5,4653.75,4651.5,4652.75,1034.0
2023-01-20 15:15:00,4652.75,4653.25,4648.5,4652.0,4090.0
2023-01-20 15:20:00,4653.5,4655.5,4649.25,4652.75,5368.0
2023-01-20 15:25:00,4652.25,4655.5,4650.75,4653.25,2452.0
2023-01-20 15:30:00,4647.25,4649.75,4644.25,4645.5,6082.0
2023-01-20 15:35:00,4641.75,4643.5,4638.5,4640.5,3442.0
2023-01-20 15:40:00,4644.5,4645.0,4641.75,4644.5,583.0
2023-01-20 15:45:00,4643.5,4647.5,4642.0,4645.0,4528.0
2023-01-20 15:50:00,4641.5,4644.0,4641.0,4643.25,1858.0
2023-01-20 15:55:00,4642.0,4645.25,4639.25,4641.0,608.0
2023-01-23 09:30:00,4645.0,4647.0,4643.75,4646.25,1475.0
2023-01-23 09:35:00,4646.0,4648.25,4643.25,4644.75,2634.0
2023-01-23 09:40:00,4643.75,4649.75,4642.75,4646.25,4361.0
2023-01-23 09:45:00,4648.5,4651.0,4644.25,4647.0,7922.0
2023-01-23 09:50:00,4654.75,4659.0,4652.5,4656.5,2137.0
2023-01-23 09:55:00,4656.75,4659.5,4654.5,4655.75,930.0
2023-01-23 10:00:00,4660.5,4664.25,4658.25,4663.5,1934.0
2023-01-23 10:05:00,4665.5,4669.0,4663.5,4666.25,2895.0
2023-01-23 10:10:00,4670.0,4673.25,4665.5,4668.5,2039.0
2023-01-23 10:15:00,4672.5,4676.0,4668.0,4671.75,2910.0
2023-01-23 10:20:00,4675.0,4678.0,4674.0,4676.0,7767.0
2023-01-23 10:25:00,4677.0,4680.25,4673.75,4678.5,3345.0
2023-01-23 10:30:00,4673.25,4676.25,4670.25,4673.0,5260.0
2023-01-23 10:35:00,4676.0,4678.5,4673.25,4676.25,5635.0
2023-01-23 10:40:00,4671.25,4673.5,4669.5,4672.25,1476.0
2023-01-23 10:45:00,4668.5,4669.75,4667.0,4668.75,2358.0
2023-01-23 10:50:00,4673.5,4674.75,4671.25,4671.75,3617.0
2023-01-23 10:55:00,4677.0,4679.0,4672.25,4675.75,3952.0
2023-01-23 11:00:00,4682.75,4684.25,4680.25,4683.0,598.0
2023-01-23 11:05:00,4682.0,4684.25,4680.25,4683.75,5336.0
2023-01-23 11:10:00,4678.0,4680.75,4675.75,4680.25,2755.0
2023-01-23 11:15:00,4677.25,4681.75,4676.75,4678.25,2917.0
2023-01-23 11:20:00,4677.75,4679.0,4676.75,4678.25,5022.0
2023-01-23 11:25:00,4678.5,4680.25,4676.0,4679.5,7615.0
2023-01-23 11:30:00,4683.0,4684.75,4679.75,4682.0,6987.0
2023-01-23 11:35:00,4681.75,4683.0,4678.5,4681.5,7847.0
2023-01-23 11:40:00,4683.25,4687.0,4679.5,4682.25,3601.0
2023-01-23 11:45:00,4679.75,4683.25,4675.75,4678.0,1397.0
2023-01-23 11:50:00,4681.75,4684.0,4678.75,4682.25,2119.0
2023-01-23 11:55:00,4682.0,4684.25,4681.25,4682.25,3078.0
2023-01-23 12:00:00,4679.5,4682.0,4676.75,4680.5,2751.0
2023-01-23 12:05:00,4678.75,4680.25,4676.0,4679.5,2059.0
2023-01-23 12:10:00,4678.25,4680.0,4677.0,4678.75,1631.0
2023-01-23 12:15:00,4677.5,4679.25,4676.5,4678.25,1900.0
2023-01-23 12:20:00,4684.5,4685.25,4683.25,4684.25,5437.0
2023-01-23 12:25:00,4684.25,4687.25,4683.25,4684.75,4182.0
2023-01-23 12:30:00,4683.5,4684.5,4680.5,4682.5,781.0
2023-01-23 12:35:00,4676.0,4677.25,4675.0,4676.5,4728.0
2023-01-23 12:40:00,4673.0,4675.75,4670.25,4673.75,6817.0
2023-01-23 12:45:00,4672.25,4674.0,4670.5,4671.25,3692.0
2023-01-23 12:50:00,4669.75,4670.75,4669.25,4670.0,2889.0
2023-01-23 12:55:00,4675.25,4675.75,4672.75,4674.25,2544.0
2023-01-23 13:00:00,4674.75,4676.0,4673.0,4674.0,3345.0
2023-01-23 13:05:00,4680.0,4681.0,4674.5,4678.25,2589.0
2023-01-23 13:10:00,4680.25,4685.25,4679.0,4682.0,7431.0
2023-01-23 13:15:00,4680.75,4685.75,4679.5,4682.25,7940.0
2023-01-23 13:20:00,4680.5,4683.25,4679.5,4681.25,3074.0
2023-01-23 13:25:00,4680.75,4685.5,4679.25,4683.75,7427.0
2023-01-23 13:30:00,4687.5,4690.25,4684.75,4687.25,6901.0
2023-01-23 13:35:00,4679.0,4685.75,4676.0,4683.25,1069.0
2023-01-23 13:40:00,4671.75,4673.0,4669.75,4671.5,4181.0
2023-01-23 13:45:00,4670.0,4671.25,4667.5,4670.5,5424.0
2023-01-23 13:50:00,4670.25,4672.25,4667.75,4669.75,3665.0
2023-01-23 13:55:00,4673.25,4676.0,4670.0,4673.75,3926.0
2023-01-23 14:00:00,4675.25,4677.25,4672.75,4676.25,4206.0
2023-01-23 14:05:00,4674.0,4675.25,4672.25,4673.75,5666.0
2023-01-23 14:10:00,4678.0,4682.0,4675.25,4680.5,2703.0
2023-01-23 14:15:00,4682.0,4683.75,4679.0,4682.5,4977.0
2023-01-23 14:20:00,4683.0,4685.25,4681.0,4683.25,2326.0
2023-01-23 14:25:00,4686.75,4689.5,4681.75,4685.5,7169.0
2023-01-23 14:30:00,4688.0,4690.75,4684.75,4688.75,1135.0
2023-01-23 14:35:00,4686.25,4687.25,4685.0,4686.0,1002.0
2023-01-23 14:40:00,4689.0,4690.0,4685.25,4688.25,782.0
2023-01-23 14:45:00,4689.75,4693.0,4686.25,4688.75,3121.0
2023-01-23 14:50:00,4690.0,4695.75,4687.75,4693.75,5046.0
2023-01-23 14:55:00,4695.75,4696.5,4693.25,4695.25,7891.0
2023-01-23 15:00:00,4686.75,4688.0,4681.5,4684.75,3909.0
2023-01-23 15:05:00,4681.75,4684.75,4678.25,4680.75,1867.0
2023-01-23 15:10:00,4677.5,4680.5,4675.25,4677.5,3261.0
2023-01-23 15:15:00,4676.25,4680.5,4675.75,4677.0,1455.0
2023-01-23 15:20:00,4675.75,4678.75,4673.75,4676.5,4039.0
2023-01-23 15:25:00,4670.25,4673.0,4666.75,4671.25,5967.0
2023-01-23 15:30:00,4666.75,4668.75,4663.0,4666.0,766.0
2023-01-23 15:35:00,4663.75,4665.5,4663.25,4664.25,6330.0
2023-01-23 15:40:00,4673.25,4675.75,4668.75,4672.0,2214.0
2023-01-23 15:45:00,4680.25,4682.5,4676.25,4679.25,5542.0
2023-01-23 15:50:00,4679.0,4679.75,4675.25,4677.5,6616.0
2023-01-23 15:55:00,4677.75,4681.0,4675.5,4676.0,6321.0
2023-01-24 09:30:00,4673.75,4676.75,4671.5,4675.25,5524.0
2023-01-24 09:35:00,4666.75,4668.5,4666.25,4667.75,5702.0
2023-01-24 09:40:00,4666.5,4669.5,4665.0,4668.0,1907.0
2023-01-24 09:45:00,4663.0,4666.5,4660.5,4663.25,1518.0
2023-01-24 09:50:00,4663.0,4667.5,4659.5,4664.0,3359.0
2023-01-24 09:55:00,4657.25,4659.25,4653.25,4654.75,5061.0
2023-01-24 10:00:00,4654.75,4659.5,4651.5,4656.0,5136.0
2023-01-24 10:05:00,4655.5,4659.0,4652.0,4655.75,6326.0
2023-01-24 10:10:00,4657.0,4661.0,4656.5,4658.0,2813.0
2023-01-24 10:15:00,4658.75,4662.75,4657.5,4659.5,6991.0
2023-01-24 10:20:00,4654.25,4655.75,4650.0,4652.75,3868.0
2023-01-24 10:25:00,4657.5,4660.5,4652.5,4655.5,2346.0
2023-01-24 10:30:00,4654.75,4657.25,4652.0,4653.75,6015.0
2023-01-24 10:35:00,4657.5,4661.0,4654.75,4658.25,1455.0
2023-01-24 10:40:00,4657.5,4659.75,4655.25,4658.5,3539.0
2023-01-24 10:45:00,4652.75,4655.5,4648.0,4650.75,6358.0
2023-01-24 10:50:00,4651.75,4655.25,4647.5,4650.5,6283.0
2023-01-24 10:55:00,4653.25,4654.75,4651.5,4652.25,2424.0
2023-01-24 11:00:00,4656.0,4659.5,4654.5,4655.5,1749.0
2023-01-24 11:05:00,4655.5,4657.25,4652.75,4653.75,739.0
2023-01-24 11:10:00,4661.5,4662.75,4656.0,4659.5,1170.0
2023-01-24 11:15:00,4665.5,4666.25,4661.0,4664.5,6689.0
2023-01-24 11:20:00,4664.75,4668.0,4661.75,4665.0,6377.0
2023-01-24 11:25:00,4667.75,4670.0,4665.25,4666.25,4294.0
2023-01-24 11:30:00,4675.25,4676.75,4672.75,4675.25,4775.0
2023-01-24 11:35:00,4682.75,4686.75,4681.75,4684.25,2949.0
2023-01-24 11:40:00,4678.5,4680.0,4675.0,4676.75,1940.0
2023-01-24 11:45:00,4675.25,4677.25,4673.75,4675.0,585.0
2023-01-24 11:50:00,4681.0,4685.75,4678.0,4682.5,5539.0
2023-01-24 11:55:00,4677.25,4680.0,4675.75,4676.75,764.0
2023-01-24 12:00:00,4672.75,4675.5,4669.25,4671.75,1287.0
2023-01-24 12:05:00,4671.0,4675.0,4667.25,4672.75,6444.0
2023-01-24 12:10:00,4672.75,4676.5,4669.75,4672.5,4871.0
2023-01-24 12:15:00,4672.75,4675.5,4672.0,4674.25,4172.0
2023-01-24 12:20:00,4670.5,4672.5,4667.0,4671.0,2137.0
2023-01-24 12:25:00,4668.25,4669.0,4665.25,4667.75,1622.0
2023-01-24 12:30:00,4665.75,4668.75,4663.75,4666.5,3998.0
2023-01-24 12:35:00,4662.75,4665.75,4660.0,4663.25,3188.0
2023-01-24 12:40:00,4671.5,4675.75,4668.25,4673.0,4505.0
2023-01-24 12:45:00,4672.75,4674.5,4670.0,4672.0,1739.0
2023-01-24 12:50:00,4676.5,4677.0,4674.25,4676.5,2235.0
2023-01-24 12:55:00,4674.75,4677.25,4672.75,4674.75,1346.0
2023-01-24 13:00:00,4674.25,4679.0,4673.5,4675.25,3683.0
2023-01-24 13:05:00,4672.0,4673.25,4667.5,4670.5,2572.0
2023-01-24 13:10:00,4662.25,4664.75,4661.25,4663.75,2175.0
2023-01-24 13:15:00,4657.25,4659.25,4655.5,4658.0,4621.0
2023-01-24 13:20:00,4650.75,4652.75,4647.25,4649.0,4230.0
2023-01-24 13:25:00,4642.75,4645.75,4641.25,4644.25,2075.0
2023-01-24 13:30:00,4638.5,4643.25,4636.75,4641.5,5742.0
2023-01-24 13:35:00,4643.75,4647.5,4641.25,4645.0,3077.0
2023-01-24 13:40:00,4643.75,4647.25,4642.25,4645.75,3060.0
2023-01-24 13:45:00,4648.75,4650.5,4647.75,4648.75,4084.0
2023-01-24 13:50:00,4650.5,4651.0,4645.0,4648.25,1542.0
2023-01-24 13:55:00,4653.75,4657.0,4647.5,4651.0,3650.0
2023-01-24 14:00:00,4650.5,4652.75,4648.5,4650.75,4867.0
2023-01-24 14:05:00,4652.75,4654.25,4650.25,4651.75,1464.0
2023-01-24 14:10:00,4655.75,4656.5,4653.75,4654.25,4736.0
2023-01-24 14:15:00,4653.75,4656.25,4653.0,4653.75,791.0
2023-01-24 14:20:00,4656.0,4660.25,4654.25,4657.0,5026.0
2023-01-24 14:25:00,4658.5,4659.0,4652.75,4656.25,765.0
2023-01-24 14:30:00,4656.5,4657.5,4653.0,4656.0,1813.0
2023-01-24 14:35:00,4652.5,4655.75,4651.0,4654.75,3126.0
2023-01-24 14:40:00,4648.5,4650.75,4643.25,4647.0,5109.0
2023-01-24 14:45:00,4649.0,4653.75,4647.25,4650.25,5891.0
2023-01-24 14:50:00,4650.5,4652.25,4648.5,4649.75,4016.0
2023-01-24 14:55:00,4647.75,4650.0,4646.0,4648.5,1484.0
2023-01-24 15:00:00,4648.0,4652.5,4647.0,4649.5,3406.0
2023-01-24 15:05:00,4650.5,4654.25,4647.0,4651.5,6402.0
2023-01-24 15:10:00,4653.0,4655.5,4651.25,4654.25,1177.0
2023-01-24 15:15:00,4659.0,4660.0,4654.75,4657.25,5867.0
2023-01-24 15:20:00,4664.0,4667.25,4662.25,4665.5,3393.0
2023-01-24 15:25:00,4660.5,4663.5,4655.75,4659.25,529.0
2023-01-24 15:30:00,4667.0,4670.0,4664.5,4667.25,5709.0
2023-01-24 15:35:00,4665.25,4668.25,4663.25,4665.5,700.0
2023-01-24 15:40:00,4669.25,4673.25,4668.5,4670.0,3272.0
2023-01-24 15:45:00,4669.75,4671.75,4666.5,4670.25,1962.0
2023-01-24 15:50:00,4668.5,4670.0,4665.0,4667.25,4879.0
2023-01-24 15:55:00,4662.0,4662.75,4658.75,4660.25,920.0
2023-01-25 09:30:00,4661.5,4666.25,4658.25,4662.75,1182.0
2023-01-25 09:35:00,4656.0,4658.75,4655.5,4656.25,4485.0
2023-01-25 09:40:00,4660.0,4663.0,4658.5,4661.5,7954.0
2023-01-25 09:45:00,4665.75,4666.5,4663.5,4665.75,797.0
2023-01-25 09:50:00,4663.0,4665.75,4659.5,4661.0,3955.0
2023-01-25 09:55:00,4664.5,4668.75,4662.25,4665.75,6519.0
2023-01-25 10:00:00,4662.0,4664.5,4660.0,4661.5,2680.0
2023-01-25 10:05:00,4659.75,4661.5,4659.0,4660.25,4197.0
2023-01-25 10:10:00,4663.0,4666.5,4661.5,4662.0,6790.0
2023-01-25 10:15:00,4663.0,4668.25,4662.0,4665.25,5959.0
2023-01-25 10:20:00,4669.75,4672.25,4665.0,4668.5,2699.0
2023-01-25 10:25:00,4668.25,4670.75,4665.25,4667.75,6130.0
2023-01-25 10:30:00,4672.25,4675.75,4670.0,4672.25,5568.0
2023-01-25 10:35:00,4672.75,4676.25,4669.5,4671.25,4300.0
2023-01-25 10:40:00,4676.0,4678.75,4673.25,4676.5,3808.0
2023-01-25 10:45:00,4674.5,4678.5,4673.5,4676.75,7440.0
2023-01-25 10:50:00,4674.5,4676.25,4672.5,4674.0,7057.0
2023-01-25 10:55:00,4674.25,4678.0,4671.75,4675.0,7926.0
2023-01-25 11:00:00,4671.5,4674.0,4665.5,4667.5,5565.0
2023-01-25 11:05:00,4674.25,4675.0,4671.25,4674.25,3194.0
2023-01-25 11:10:00,4676.75,4677.75,4673.0,4676.5,1322.0
2023-01-25 11:15:00,4679.25,4682.75,4675.0,4678.25,1443.0
2023-01-25 11:20:00,4685.25,4690.25,4684.25,4686.75,7633.0
2023-01-25 11:25:00,4691.0,4694.5,4689.75,4690.5,3224.0
2023-01-25 11:30:00,4689.75,4691.75,4688.5,4689.5,1328.0
2023-01-25 11:35:00,4691.5,4694.5,4687.75,4691.0,2175.0
2023-01-25 11:40:00,4689.25,4692.5,4683.25,4686.75,656.0
2023-01-25 11:45:00,4689.75,4691.25,4684.5,4688.0,4482.0
2023-01-25 11:50:00,4687.75,4690.0,4686.25,4689.0,4932.0
2023-01-25 11:55:00,4694.0,4697.75,4687.75,4691.0,3337.0
2023-01-25 12:00:00,4695.5,4696.0,4692.25,4694.5,6080.0
2023-01-25 12:05:00,4695.0,4697.5,4691.25,4694.5,4103.0
2023-01-25 12:10:00,4699.75,4704.75,4697.5,4702.25,7699.0
2023-01-25 12:15:00,4691.75,4695.5,4690.75,4692.75,6223.0
2023-01-25 12:20:00,4684.5,4685.75,4683.0,4683.75,1064.0
2023-01-25 12:25:00,4687.75,4692.25,4684.0,4689.5,2555.0
2023-01-25 12:30:00,4688.0,4689.25,4685.25,4687.0,6156.0
2023-01-25 12:35:00,4689.25,4694.0,4687.75,4690.75,4531.0
2023-01-25 12:40:00,4684.5,4685.75,4681.0,4682.75,6149.0
2023-01-25 12:45:00,4684.75,4689.0,4683.0,4686.25,3013.0
2023-01-25 12:50:00,4692.5,4695.5,4688.25,4692.0,786.0
2023-01-25 12:55:00,4695.75,4696.75,4693.75,4694.25,6387.0
2023-01-25 13:00:00,4696.75,4698.0,4695.5,4696.25,6387.0
2023-01-25 13:05:00,4695.25,4698.75,4692.25,4695.75,5296.0
2023-01-25 13:10:00,4694.0,4694.75,4691.0,4693.25,3532.0
2023-01-25 13:15:00,4686.25,4688.0,4685.25,4687.0,563.0
2023-01-25 13:20:00,4687.5,4689.5,4686.0,4686.5,5958.0
2023-01-25 13:25:00,4690.75,4695.25,4689.75,4691.75,5450.0
2023-01-25 13:30:00,4685.25,4688.0,4683.75,4685.75,5507.0
2023-01-25 13:35:00,4683.0,4684.75,4682.25,4682.75,1776.0
2023-01-25 13:40:00,4678.75,4682.5,4677.0,4678.25,5984.0
2023-01-25 13:45:00,4675.5,4677.75,4672.5,4675.75,5933.0
2023-01-25 13:50:00,4676.0,4678.5,4672.5,4676.75,6931.0
2023-01-25 13:55:00,4668.25,4673.0,4665.0,4671.25,4755.0
2023-01-25 14:00:00,4670.75,4673.75,4669.0,4672.25,5986.0
2023-01-25 14:05:00,4674.0,4676.75,4672.5,4675.25,3511.0
2023-01-25 14:10:00,4673.25,4680.25,4669.5,4677.5,5725.0
2023-01-25 14:15:00,4664.25,4665.5,4661.25,4665.0,5705.0
2023-01-25 14:20:00,4660.75,4664.0,4658.5,4661.25,6346.0
2023-01-25 14:25:00,4665.5,4667.5,4664.25,4666.5,6924.0
2023-01-25 14:30:00,4655.5,4657.0,4652.5,4654.0,523.0
2023-01-25 14:35:00,4654.25,4655.25,4651.5,4653.75,6340.0
2023-01-25 14:40:00,4650.25,4652.5,4647.25,4649.5,6443.0
2023-01-25 14:45:00,4653.5,4657.25,4653.0,4654.25,4590.0
2023-01-25 14:50:00,4651.0,4652.75,4647.25,4650.75,4397.0
2023-01-25 14:55:00,4652.75,4654.0,4650.5,4653.0,5920.0
2023-01-25 15:00:00,4655.25,4658.0,4652.75,4656.75,3914.0
2023-01-25 15:05:00,4662.25,4666.5,4661.0,4663.5,3604.0
2023-01-25 15:10:00,4661.75,4663.0,4658.5,4661.5,6525.0
2023-01-25 15:15:00,4663.5,4666.5,4659.5,4662.5,6417.0
2023-01-25 15:20:00,4658.0,4661.25,4657.25,4659.75,2052.0
2023-01-25 15:25:00,4662.75,4665.0,4660.25,4663.75,6717.0
2023-01-25 15:30:00,4660.25,4663.0,4655.25,4658.0,2948.0
2023-01-25 15:35:00,4658.25,4660.25,4654.75,4657.75,1529.0
2023-01-25 15:40:00,4658.5,4659.25,4657.25,4658.75,7088.0
2023-01-25 15:45:00,4652.75,4657.5,4649.5,4654.0,2285.0
2023-01-25 15:50:00,4654.0,4656.25,4652.0,4655.25,2022.0
2023-01-25 15:55:00,4657.75,4659.75,4657.0,4658.25,2524.0
2023-01-26 09:30:00,4659.0,4661.75,4658.25,4660.0,4186.0
2023-01-26 09:35:00,4653.5,4655.5,4652.25,4653.5,1745.0
2023-01-26 09:40:00,4653.25,4656.25,4650.75,4652.25,1696.0
2023-01-26 09:45:00,4656.25,4656.75,4653.75,4655.75,3444.0
2023-01-26 09:50:00,4649.5,4653.0,4646.5,4649.5,2134.0
2023-01-26 09:55:00,4645.75,4648.25,4644.5,4645.5,1947.0
2023-01-26 10:00:00,4649.25,4652.75,4642.75,4646.5,7341.0
2023-01-26 10:05:00,4650.5,4653.5,4648.75,4649.75,4966.0
2023-01-26 10:10:00,4652.25,4655.75,4649.75,4652.25,603.0
2023-01-26 10:15:00,4659.25,4661.75,4655.5,4659.0,1262.0
2023-01-26 10:20:00,4661.25,4663.0,4657.75,4661.0,6604.0
2023-01-26 10:25:00,4664.0,4666.5,4661.5,4664.75,2524.0
2023-01-26 10:30:00,4674.25,4677.0,4670.0,4672.75,1642.0
2023-01-26 10:35:00,4673.75,4675.75,4670.5,4671.5,5491.0
2023-01-26 10:40:00,4671.0,4674.0,4670.0,4670.5,6785.0
2023-01-26 10:45:00,4672.75,4674.75,4671.0,4674.0,3489.0
2023-01-26 10:50:00,4674.75,4680.25,4674.0,4677.0,6071.0
2023-01-26 10:55:00,4673.0,4675.25,4671.25,4674.0,3660.0
2023-01-26 11:00:00,4669.25,4673.0,4666.0,4667.25,1316.0
2023-01-26 11:05:00,4678.25,4679.25,4674.5,4678.0,6484.0
2023-01-26 11:10:00,4679.75,4681.0,4676.25,4680.0,7392.0
2023-01-26 11:15:00,4677.25,4680.5,4674.0,4677.5,7883.0
2023-01-26 11:20:00,4680.75,4684.75,4678.0,4681.5,1250.0
2023-01-26 11:25:00,4680.75,4683.5,4678.5,4679.5,4738.0
2023-01-26 11:30:00,4680.0,4683.75,4679.25,4680.0,5175.0
2023-01-26 11:35:00,4682.25,4684.25,4679.75,4683.0,1093.0
2023-01-26 11:40:00,4677.75,4682.0,4675.25,4678.75,7637.0
2023-01-26 11:45:00,4679.25,4680.75,4676.5,4678.0,1271.0
2023-01-26 11:50:00,4686.75,4689.0,4684.25,4686.25,2515.0
2023-01-26 11:55:00,4688.75,4690.5,4682.75,4684.75,7763.0
2023-01-26 12:00:00,4687.5,4688.0,4685.25,4686.5,4670.0
2023-01-26 12:05:00,4685.75,4688.25,4683.5,4685.0,5594.0
2023-01-26 12:10:00,4684.5,4687.5,4681.25,4683.0,4202.0
2023-01-26 12:15:00,4683.75,4685.0,4681.25,4684.0,6143.0
2023-01-26 12:20:00,4682.5,4686.0,4679.0,4682.5,1111.0
2023-01-26 12:25:00,4686.25,4688.5,4680.75,4683.0,5568.0
2023-01-26 12:30:00,4680.0,4681.25,4677.25,4680.25,999.0
2023-01-26 12:35:00,4683.5,4686.0,4679.0,4682.25,1847.0
2023-01-26 12:40:00,4682.25,4684.0,4681.5,4683.0,4296.0
2023-01-26 12:45:00,4684.0,4684.5,4679.5,4682.0,3862.0
2023-01-26 12:50:00,4680.0,4682.75,4678.0,4680.0,1644.0
2023-01-26 12:55:00,4685.25,4686.0,4682.5,4684.75,6485.0
2023-01-26 13:00:00,4690.0,4691.25,4689.5,4690.5,2763.0
2023-01-26 13:05:00,4694.0,4697.0,4690.5,4694.0,6997.0
2023-01-26 13:10:00,4688.5,4689.0,4684.5,4688.0,612.0
2023-01-26 13:15:00,4691.75,4695.0,4689.25,4689.5,2280.0
2023-01-26 13:20:00,4693.5,4696.5,4690.25,4691.5,2726.0
2023-01-26 13:25:00,4687.75,4688.75,4685.75,4687.0,4969.0
2023-01-26 13:30:00,4688.0,4690.0,4684.75,4688.0,3507.0
2023-01-26 13:35:00,4689.5,4690.25,4686.25,4688.75,1678.0
2023-01-26 13:40:00,4691.75,4695.25,4690.75,4692.75,4782.0
2023-01-26 13:45:00,4692.75,4693.5,4689.25,4692.25,7687.0
2023-01-26 13:50:00,4694.0,4697.5,4691.0,4692.75,1502.0
2023-01-26 13:55:00,4699.75,4701.0,4697.5,4699.5,2391.0
2023-01-26 14:00:00,4704.75,4707.75,4703.0,4705.0,4088.0
2023-01-26 14:05:00,4694.0,4695.5,4692.0,4694.5,5949.0
2023-01-26 14:10:00,4693.25,4697.0,4691.0,4695.75,1524.0
2023-01-26 14:15:00,4692.75,4694.75,4690.5,4691.75,2233.0
2023-01-26 14:20:00,4686.5,4688.75,4684.5,4686.25,2263.0
2023-01-26 14:25:00,4687.0,4691.25,4683.5,4687.5,5120.0
2023-01-26 14:30:00,4692.0,4692.5,4689.75,4692.0,1118.0
2023-01-26 14:35:00,4688.0,4688.5,4684.0,4687.5,5444.0
2023-01-26 14:40:00,4689.5,4691.25,4685.25,4687.5,3691.0
2023-01-26 14:45:00,4686.5,4688.0,4682.75,4685.75,2963.0
2023-01-26 14:50:00,4684.0,4687.5,4681.25,4682.5,6966.0
2023-01-26 14:55:00,4690.0,4693.25,4684.5,4687.5,6641.0
2023-01-26 15:00:00,4688.0,4691.5,4685.75,4687.0,6522.0
2023-01-26 15:05:00,4690.0,4691.0,4688.0,4688.5,7140.0
2023-01-26 15:10:00,4683.25,4686.0,4682.25,4684.0,2254.0
2023-01-26 15:15:00,4690.5,4694.25,4690.0,4691.25,6913.0
2023-01-26 15:20:00,4693.0,4694.5,4688.25,4691.75,1819.0
2023-01-26 15:25:00,4692.5,4695.25,4688.5,4692.25,2980.0
2023-01-26 15:30:00,4695.0,4696.25,4689.25,4692.25,4666.0
2023-01-26 15:35:00,4689.75,4691.5,4688.25,4689.25,6082.0
2023-01-26 15:40:00,4694.5,4698.5,4691.0,4695.0,4832.0
2023-01-26 15:45:00,4693.5,4696.0,4690.75,4694.75,4696.0
2023-01-26 15:50:00,4693.0,4696.75,4690.5,4692.0,3323.0
2023-01-26 15:55:00,4691.5,4694.5,4689.25,4693.0,4944.0
2023-01-27 09:30:00,4689.5,4690.0,4684.75,4687.25,4063.0
2023-01-27 09:35:00,4692.25,4693.75,4690.0,4690.5,4080.0
2023-01-27 09:40:00,4693.5,4695.5,4691.5,4694.5,4892.0
2023-01-27 09:45:00,4696.25,4700.75,4693.25,4698.5,5001.0
2023-01-27 09:50:00,4696.5,4698.0,4695.25,4697.0,2974.0
2023-01-27 09:55:00,4698.5,4701.0,4696.5,4698.5,1517.0
2023-01-27 10:00:00,4697.25,4700.5,4692.0,4694.25,2746.0
2023-01-27 10:05:00,4705.75,4707.5,4700.0,4703.0,3566.0
2023-01-27 10:10:00,4700.25,4701.5,4696.5,4700.25,1706.0
2023-01-27 10:15:00,4705.25,4707.0,4701.5,4704.75,1832.0
2023-01-27 10:20:00,4710.5,4713.5,4706.5,4709.0,7632.0
2023-01-27 10:25:00,4707.5,4710.0,4705.25,4707.75,2600.0
2023-01-27 10:30:00,4716.25,4717.25,4713.75,4716.25,6042.0
2023-01-27 10:35:00,4720.25,4723.75,4718.0,4721.5,1458.0
2023-01-27 10:40:00,4724.0,4726.25,4723.5,4724.25,7792.0
2023-01-27 10:45:00,4724.5,4727.75,4721.75,4726.25,2093.0
2023-01-27 10:50:00,4723.75,4724.75,4721.0,4724.0,3453.0
2023-01-27 10:55:00,4723.25,4727.0,4721.0,4723.25,6364.0
2023-01-27 11:00:00,4725.0,4727.5,4721.75,4726.5,2010.0
2023-01-27 11:05:00,4730.5,4731.75,4726.5,4729.25,4623.0
2023-01-27 11:10:00,4731.5,4736.5,4729.75,4735.5,6391.0
2023-01-27 11:15:00,4728.25,4731.25,4727.75,4728.75,677.0
2023-01-27 11:20:00,4731.75,4734.0,4731.0,4732.25,690.0
2023-01-27 11:25:00,4735.25,4737.5,4733.75,4736.0,6413.0
2023-01-27 11:30:00,4738.0,4742.75,4736.0,4740.75,2470.0
2023-01-27 11:35:00,4741.25,4745.0,4740.0,4742.25,7321.0
2023-01-27 11:40:00,4740.25,4741.75,4737.0,4738.0,7455.0
2023-01-27 11:45:00,4737.0,4742.5,4735.75,4739.0,7103.0
2023-01-27 11:50:00,4734.0,4735.5,4730.5,4733.5,7975.0
2023-01-27 11:55:00,4728.0,4729.25,4725.0,4728.25,6672.0
2023-01-27 12:00:00,4729.25,4732.75,4725.75,4727.25,3376.0
2023-01-27 12:05:00,4729.0,4733.0,4728.0,4729.75,7941.0
2023-01-27 12:10:00,4727.75,4729.25,4726.0,4726.75,3094.0
2023-01-27 12:15:00,4716.75,4720.25,4716.0,4717.0,4898.0
2023-01-27 12:20:00,4712.25,4714.5,4710.0,4712.0,542.0
2023-01-27 12:25:00,4716.75,4721.0,4716.0,4719.5,7719.0
2023-01-27 12:30:00,4714.5,4720.5,4713.0,4717.25,4938.0
2023-01-27 12:35:00,4716.0,4719.0,4712.5,4716.25,7616.0
2023-01-27 12:40:00,4711.0,4712.5,4709.0,4711.25,3146.0
2023-01-27 12:45:00,4716.75,4719.25,4713.0,4716.25,2849.0
2023-01-27 12:50:00,4716.5,4719.75,4715.5,4718.0,4418.0
2023-01-27 12:55:00,4717.75,4718.25,4716.0,4717.25,6975.0
2023-01-27 13:00:00,4726.75,4730.5,4722.5,4726.25,4616.0
2023-01-27 13:05:00,4732.75,4736.5,4731.0,4734.25,6443.0
2023-01-27 13:10:00,4731.75,4734.25,4728.5,4731.0,2108.0
2023-01-27 13:15:00,4729.75,4732.25,4726.0,4729.75,6318.0
2023-01-27 13:20:00,4728.75,4731.0,4724.25,4726.5,5993.0
2023-01-27 13:25:00,4731.0,4733.5,4729.5,4732.0,7222.0
2023-01-27 13:30:00,4730.75,4737.25,4728.5,4733.5,932.0
2023-01-27 13:35:00,4729.5,4733.0,4729.0,4730.5,3381.0
2023-01-27 13:40:00,4735.25,4740.0,4734.5,4737.5,1165.0
2023-01-27 13:45:00,4735.25,4737.25,4733.5,4734.0,3500.0
2023-01-27 13:50:00,4744.0,4746.0,4740.75,4744.5,6191.0
2023-01-27 13:55:00,4744.75,4745.5,4740.75,4743.25,5300.0
2023-01-27 14:00:00,4751.75,4753.25,4750.0,4751.5,6147.0
2023-01-27 14:05:00,4753.25,4755.5,4752.0,4754.5,6033.0
2023-01-27 14:10:00,4757.25,4760.0,4754.5,4757.25,7941.0
2023-01-27 14:15:00,4754.75,4758.0,4749.25,4752.75,7098.0
2023-01-27 14:20:00,4751.75,4753.25,4748.25,4749.75,4896.0
2023-01-27 14:25:00,4753.75,4755.25,4750.25,4751.75,7068.0
2023-01-27 14:30:00,4757.75,4761.0,4754.25,4758.25,859.0
2023-01-27 14:35:00,4758.0,4762.0,4754.5,4761.0,5910.0
2023-01-27 14:40:00,4753.5,4759.0,4750.0,4755.25,4415.0
2023-01-27 14:45:00,4748.5,4750.25,4744.25,4745.75,7676.0
2023-01-27 14:50:00,4743.25,4746.0,4742.5,4745.25,4278.0
2023-01-27 14:55:00,4736.75,4739.25,4735.0,4738.25,1839.0
2023-01-27 15:00:00,4737.5,4741.0,4733.75,4735.25,5930.0
2023-01-27 15:05:00,4742.0,4743.25,4738.25,4741.5,7627.0
2023-01-27 15:10:00,4742.25,4746.5,4741.5,4743.75,621.0
2023-01-27 15:15:00,4733.75,4735.5,4731.25,4734.5,981.0
2023-01-27 15:20:00,4733.25,4734.5,4728.0,4731.5,5459.0
2023-01-27 15:25:00,4733.0,4737.25,4729.25,4733.75,4667.0
2023-01-27 15:30:00,4741.25,4742.0,4735.5,4738.0,4614.0
2023-01-27 15:35:00,4735.75,4736.5,4732.0,4735.5,1176.0
2023-01-27 15:40:00,4734.5,4738.25,4734.0,4736.25,4790.0
2023-01-27 15:45:00,4741.25,4744.75,4739.75,4741.25,4760.0
2023-01-27 15:50:00,4743.25,4744.75,4742.0,4742.5,6869.0
2023-01-27 15:55:00,4745.75,4747.75,4742.0,4747.0,3425.0
2023-01-30 09:30:00,4746.25,4751.5,4742.75,4747.75,3109.0
2023-01-30 09:35:00,4747.75,4752.5,4747.25,4749.75,1112.0
2023-01-30 09:40:00,4751.0,4755.5,4750.5,4752.25,4751.0
2023-01-30 09:45:00,4748.25,4752.75,4746.5,4749.75,5360.0
2023-01-30 09:50:00,4751.75,4755.5,4750.5,4752.75,2605.0
2023-01-30 09:55:00,4746.75,4749.0,4743.5,4747.0,5983.0
2023-01-30 10:00:00,4748.25,4750.0,4747.25,4748.25,7535.0
2023-01-30 10:05:00,4749.25,4752.0,4745.75,4748.75,1806.0
2023-01-30 10:10:00,4747.0,4750.0,4743.0,4745.25,4795.0
2023-01-30 10:15:00,4747.25,4750.75,4744.0,4745.75,5708.0
2023-01-30 10:20:00,4745.0,4747.5,4743.75,4744.75,638.0
2023-01-30 10:25:00,4741.25,4743.0,4737.5,4741.5,1842.0
2023-01-30 10:30:00,4740.25,4744.25,4737.5,4742.25,3467.0
2023-01-30 10:35:00,4736.25,4738.75,4734.25,4736.25,1530.0
2023-01-30 10:40:00,4737.75,4741.0,4736.0,4739.0,3166.0
2023-01-30 10:45:00,4733.5,4738.25,4730.0,4735.0,1605.0
2023-01-30 10:50:00,4736.5,4738.75,4733.0,4736.25,7224.0
2023-01-30 10:55:00,4732.25,4733.5,4729.0,4733.0,4993.0
2023-01-30 11:00:00,4730.25,4732.75,4727.5,4730.0,2968.0
2023-01-30 11:05:00,4728.25,4732.75,4724.75,4730.0,6340.0
2023-01-30 11:10:00,4733.5,4737.75,4732.0,4734.25,638.0
2023-01-30 11:15:00,4735.0,4736.75,4730.5,4733.25,4976.0
2023-01-30 11:20:00,4734.25,4737.0,4732.5,4734.5,5625.0
2023-01-30 11:25:00,4736.5,4741.0,4734.0,4738.75,6570.0
2023-01-30 11:30:00,4728.75,4731.0,4724.75,4728.5,2167.0
2023-01-30 11:35:00,4728.75,4730.25,4725.0,4729.5,4936.0
2023-01-30 11:40:00,4736.5,4740.75,4734.5,4737.5,6257.0
2023-01-30 11:45:00,4737.25,4740.75,4733.5,4736.0,6479.0
2023-01-30 11:50:00,4737.75,4740.75,4734.5,4738.5,1817.0
2023-01-30 11:55:00,4740.25,4742.5,4734.5,4738.25,7823.0
2023-01-30 12:00:00,4743.75,4744.5,4739.75,4743.0,2554.0
2023-01-30 12:05:00,4736.5,4740.5,4735.75,4738.0,3432.0
2023-01-30 12:10:00,4730.25,4732.75,4728.75,4730.75,1940.0
2023-01-30 12:15:00,4731.25,4734.25,4727.5,4731.0,1624.0
2023-01-30 12:20:00,4729.0,4730.25,4726.0,4729.5,2415.0
2023-01-30 12:25:00,4734.0,4737.0,4731.0,4734.0,1515.0
2023-01-30 12:30:00,4733.25,4734.5,4730.5,4733.25,5995.0
2023-01-30 12:35:00,4726.0,4729.5,4724.25,4727.0,4981.0
2023-01-30 12:40:00,4721.5,4724.0,4718.75,4720.5,3425.0
2023-01-30 12:45:00,4711.25,4712.75,4708.25,4711.5,4603.0
2023-01-30 12:50:00,4710.75,4712.75,4708.75,4710.25,5031.0
2023-01-30 12:55:00,4710.25,4713.5,4705.25,4708.0,1881.0
2023-01-30 13:00:00,4709.0,4711.25,4704.75,4707.5,2727.0
2023-01-30 13:05:00,4713.25,4716.0,4710.0,4715.5,7115.0
2023-01-30 13:10:00,4718.0,4720.5,4716.5,4718.5,590.0
2023-01-30 13:15:00,4717.5,4719.0,4712.75,4715.75,7675.0
2023-01-30 13:20:00,4709.75,4712.25,4706.75,4707.5,7732.0
2023-01-30 13:25:00,4712.25,4714.75,4711.25,4712.0,2399.0
2023-01-30 13:30:00,4714.5,4717.25,4712.75,4716.75,2905.0
2023-01-30 13:35:00,4716.0,4718.5,4715.0,4715.75,2051.0
2023-01-30 13:40:00,4720.0,4724.75,4716.25,4721.75,4704.0
2023-01-30 13:45:00,4715.75,4719.25,4712.25,4716.25,2104.0
2023-01-30 13:50:00,4723.5,4725.0,4723.0,4724.25,6430.0
2023-01-30 13:55:00,4720.25,4721.75,4715.0,4718.25,3405.0
2023-01-30 14:00:00,4723.25,4726.5,4721.25,4724.5,7755.0
2023-01-30 14:05:00,4717.25,4718.25,4714.0,4716.75,6899.0
2023-01-30 14:10:00,4714.0,4717.0,4710.5,4715.0,3509.0
2023-01-30 14:15:00,4719.75,4720.5,4716.25,4718.75,4969.0
2023-01-30 14:20:00,4719.0,4720.25,4718.25,4719.25,682.0
2023-01-30 14:25:00,4722.5,4725.75,4722.0,4723.0,1006.0
2023-01-30 14:30:00,4723.75,4725.0,4721.25,4723.5,4295.0
2023-01-30 14:35:00,4723.5,4726.75,4719.75,4724.0,4047.0
2023-01-30 14:40:00,4728.75,4729.5,4726.0,4728.5,3487.0
2023-01-30 14:45:00,4728.25,4730.5,4725.5,4727.25,1177.0
2023-01-30 14:50:00,4721.75,4725.75,4721.25,4724.0,6798.0
2023-01-30 14:55:00,4719.0,4723.5,4715.5,4720.5,3546.0
2023-01-30 15:00:00,4721.25,4724.25,4718.5,4720.25,4025.0
2023-01-30 15:05:00,4723.0,4725.5,4720.25,4723.75,3526.0
2023-01-30 15:10:00,4717.25,4719.75,4713.5,4716.25,4230.0
2023-01-30 15:15:00,4714.75,4716.0,4711.75,4713.0,5362.0
2023-01-30 15:20:00,4712.75,4716.75,4712.25,4714.25,6229.0
2023-01-30 15:25:00,4711.75,4712.5,4707.5,4709.25,4620.0
2023-01-30 15:30:00,4706.75,4710.0,4705.25,4708.0,1744.0
2023-01-30 15:35:00,4704.5,4705.75,4701.5,4704.25,7060.0
2023-01-30 15:40:00,4702.0,4705.5,4698.75,4701.75,2634.0
2023-01-30 15:45:00,4705.25,4707.75,4704.0,4705.75,622.0
2023-01-30 15:50:00,4708.5,4711.75,4706.25,4709.25,792.0
2023-01-30 15:55:00,4708.25,4709.75,4706.5,4707.0,6304.0
2023-01-31 09:30:00,4707.0,4709.5,4705.75,4708.0,3402.0
2023-01-31 09:35:00,4707.75,4709.0,4704.75,4708.0,669.0
2023-01-31 09:40:00,4705.0,4708.25,4700.0,4703.0,6585.0
2023-01-31 09:45:00,4700.75,4704.0,4697.5,4700.5,2782.0
2023-01-31 09:50:00,4697.5,4700.25,4696.5,4699.5,7834.0
2023-01-31 09:55:00,4695.25,4700.75,4693.0,4697.75,7097.0
2023-01-31 10:00:00,4691.25,4694.0,4689.25,4692.25,861.0
2023-01-31 10:05:00,4692.0,4692.5,4686.75,4690.5,5678.0
2023-01-31 10:10:00,4695.0,4698.0,4692.5,4695.75,5024.0
2023-01-31 10:15:00,4689.25,4691.5,4685.75,4690.5,1789.0
2023-01-31 10:20:00,4689.75,4691.75,4688.75,4690.75,3072.0
2023-01-31 10:25:00,4689.0,4693.0,4687.0,4690.25,4180.0
2023-01-31 10:30:00,4690.5,4692.5,4687.5,4691.0,1595.0
2023-01-31 10:35:00,4690.75,4694.25,4689.0,4690.75,5914.0
2023-01-31 10:40:00,4685.5,4688.25,4682.25,4684.75,2579.0
2023-01-31 10:45:00,4681.0,4684.25,4676.25,4678.5,7530.0
2023-01-31 10:50:00,4681.5,4684.25,4677.75,4681.75,6512.0
2023-01-31 10:55:00,4685.5,4689.0,4684.5,4685.75,5257.0
2023-01-31 11:00:00,4677.5,4679.75,4674.0,4678.25,1398.0
2023-01-31 11:05:00,4679.0,4681.25,4675.25,4677.0,685.0
2023-01-31 11:10:00,4683.75,4686.75,4681.75,4684.5,1594.0
2023-01-31 11:15:00,4683.25,4689.5,4681.0,4686.25,4247.0
2023-01-31 11:20:00,4685.5,4686.75,4684.25,4685.75,6359.0
2023-01-31 11:25:00,4683.25,4685.5,4679.5,4683.0,1647.0
2023-01-31 11:30:00,4683.0,4686.25,4679.5,4683.5,5805.0
2023-01-31 11:35:00,4677.25,4681.75,4673.5,4680.0,858.0
2023-01-31 11:40:00,4668.5,4672.0,4663.5,4667.25,2492.0
2023-01-31 11:45:00,4672.25,4674.25,4669.75,4672.75,4988.0
2023-01-31 11:50:00,4669.0,4670.0,4665.75,4667.75,6712.0
2023-01-31 11:55:00,4667.5,4669.75,4663.5,4666.75,6326.0
2023-01-31 12:00:00,4662.5,4664.25,4662.0,4662.5,4494.0
2023-01-31 12:05:00,4657.5,4660.0,4654.25,4659.25,770.0
2023-01-31 12:10:00,4657.0,4660.25,4655.0,4659.5,2700.0
2023-01-31 12:15:00,4654.5,4656.25,4652.0,4655.25,6376.0
2023-01-31 12:20:00,4656.25,4659.25,4654.0,4655.75,1109.0
2023-01-31 12:25:00,4658.25,4665.0,4656.5,4661.75,5797.0
2023-01-31 12:30:00,4659.5,4661.75,4658.5,4659.0,5779.0
2023-01-31 12:35:00,4660.75,4661.5,4658.0,4660.0,6139.0
2023-01-31 12:40:00,4666.75,4669.0,4662.5,4664.25,2129.0
2023-01-31 12:45:00,4663.0,4668.25,4661.75,4665.0,2335.0
2023-01-31 12:50:00,4663.0,4667.25,4661.75,4664.5,1988.0
2023-01-31 12:55:00,4667.5,4672.25,4665.25,4671.0,3451.0
2023-01-31 13:00:00,4672.5,4673.5,4669.0,4670.5,4429.0
2023-01-31 13:05:00,4667.5,4673.0,4664.25,4669.5,1398.0
2023-01-31 13:10:00,4666.5,4669.75,4665.75,4666.5,4755.0
2023-01-31 13:15:00,4671.75,4673.5,4669.5,4673.0,2291.0
2023-01-31 13:20:00,4674.0,4677.0,4670.75,4671.75,4716.0
2023-01-31 13:25:00,4675.0,4677.75,4672.75,4677.0,2770.0
2023-01-31 13:30:00,4674.25,4676.0,4672.0,4675.5,7659.0
2023-01-31 13:35:00,4673.25,4676.0,4670.5,4673.0,2895.0
2023-01-31 13:40:00,4674.5,4677.5,4672.5,4675.25,7034.0
2023-01-31 13:45:00,4673.75,4675.5,4670.5,4672.75,1812.0
2023-01-31 13:50:00,4673.75,4677.25,4672.0,4673.0,1136.0
2023-01-31 13:55:00,4674.25,4677.5,4671.75,4673.75,1915.0
2023-01-31 14:00:00,4672.0,4672.75,4667.75,4669.5,3645.0
2023-01-31 14:05:00,4674.25,4678.0,4671.5,4675.5,7261.0
2023-01-31 14:10:00,4685.5,4690.0,4683.5,4687.0,1821.0
2023-01-31 14:15:00,4679.0,4681.25,4675.0,4678.0,6379.0
2023-01-31 14:20:00,4680.5,4684.5,4678.5,4681.0,5726.0
2023-01-31 14:25:00,4677.75,4680.5,4676.25,4677.5,3083.0
2023-01-31 14:30:00,4680.25,4681.5,4678.75,4680.75,3023.0
2023-01-31 14:35:00,4680.5,4681.75,4679.0,4679.75,7607.0
2023-01-31 14:40:00,4683.75,4687.0,4680.25,4682.5,5859.0
2023-01-31 14:45:00,4688.25,4693.5,4685.25,4689.75,2291.0
2023-01-31 14:50:00,4689.25,4690.0,4686.25,4689.25,7338.0
2023-01-31 14:55:00,4693.75,4697.5,4691.75,4696.75,3551.0
2023-01-31 15:00:00,4685.25,4688.25,4684.0,4685.25,1097.0
2023-01-31 15:05:00,4691.5,4692.0,4686.75,4690.0,6601.0
2023-01-31 15:10:00,4693.0,4695.5,4692.5,4694.75,7015.0
2023-01-31 15:15:00,4697.25,4701.75,4695.5,4698.25,3821.0
2023-01-31 15:20:00,4693.0,4697.0,4689.75,4694.0,5779.0
2023-01-31 15:25:00,4690.0,4695.25,4688.25,4691.75,2259.0
2023-01-31 15:30:00,4691.0,4693.5,4689.0,4690.0,6877.0
2023-01-31 15:35:00,4691.0,4692.5,4689.5,4691.0,3264.0
2023-01-31 15:40:00,4692.25,4695.75,4689.75,4692.0,2504.0
2023-01-31 15:45:00,4696.75,4698.0,4694.0,4694.75,4255.0
2023-01-31 15:50:00,4690.25,4691.75,4687.25,4690.0,2504.0
2023-01-31 15:55:00,4694.25,4699.5,4692.25,4696.0,5154.0
2023-02-01 09:30:00,4694.5,4697.5,4692.75,4694.75,6107.0
2023-02-01 09:35:00,4694.0,4697.25,4690.75,4692.0,3542.0
2023-02-01 09:40:00,4688.5,4689.5,4683.25,4686.5,6375.0
2023-02-01 09:45:00,4690.75,4696.75,4689.0,4693.0,3734.0
2023-02-01 09:50:00,4682.0,4684.5,4679.0,4681.75,7776.0
2023-02-01 09:55:00,4684.5,4687.25,4681.75,4683.75,2479.0
2023-02-01 10:00:00,4679.25,4682.75,4678.0,4678.75,5785.0
2023-02-01 10:05:00,4679.75,4681.5,4675.75,4677.5,4515.0
2023-02-01 10:10:00,4679.5,4684.25,4677.25,4681.5,7576.0
2023-02-01 10:15:00,4684.0,4686.75,4681.5,4683.5,2145.0
2023-02-01 10:20:00,4683.75,4688.5,4680.5,4685.5,1975.0
2023-02-01 10:25:00,4681.25,4684.75,4677.75,4681.25,7006.0
2023-02-01 10:30:00,4679.5,4684.25,4676.5,4681.5,7258.0
2023-02-01 10:35:00,4684.5,4685.75,4682.25,4685.0,6105.0
2023-02-01 10:40:00,4686.75,4689.0,4684.5,4688.0,4061.0
2023-02-01 10:45:00,4685.75,4690.25,4683.0,4686.75,3577.0
2023-02-01 10:50:00,4685.0,4689.5,4683.5,4685.75,5499.0
2023-02-01 10:55:00,4679.25,4683.5,4676.25,4679.75,6104.0
2023-02-01 11:00:00,4681.0,4681.75,4677.5,4680.75,2569.0
2023-02-01 11:05:00,4674.75,4679.0,4673.25,4677.5,552.0
2023-02-01 11:10:00,4677.75,4680.75,4673.0,4676.5,1051.0
2023-02-01 11:15:00,4678.5,4681.5,4675.25,4678.5,3083.0
2023-02-01 11:20:00,4687.75,4688.5,4685.75,4687.75,5612.0
2023-02-01 11:25:00,4683.75,4686.75,4680.25,4684.25,3802.0
2023-02-01 11:30:00,4683.5,4684.5,4682.0,4683.0,5137.0
2023-02-01 11:35:00,4690.5,4693.0,4690.0,4691.0,4023.0
2023-02-01 11:40:00,4695.25,4696.5,4693.5,4695.0,2387.0
2023-02-01 11:45:00,4693.0,4693.5,4688.25,4690.75,6115.0
2023-02-01 11:50:00,4694.0,4694.75,4692.25,4694.0,5925.0
2023-02-01 11:55:00,4694.25,4697.75,4689.0,4692.75,7721.0
2023-02-01 12:00:00,4695.5,4698.5,4691.75,4693.0,6692.0
2023-02-01 12:05:00,4693.0,4696.75,4691.75,4693.25,3349.0
2023-02-01 12:10:00,4693.0,4695.75,4690.5,4693.75,5785.0
2023-02-01 12:15:00,4687.25,4689.75,4686.75,4688.0,3129.0
2023-02-01 12:20:00,4688.0,4690.5,4685.25,4688.75,7046.0
2023-02-01 12:25:00,4690.0,4692.5,4685.5,4687.25,5078.0
2023-02-01 12:30:00,4689.25,4691.0,4683.75,4687.5,6759.0
2023-02-01 12:35:00,4683.5,4689.25,4680.75,4686.25,2609.0
2023-02-01 12:40:00,4687.5,4690.5,4685.25,4686.0,611.0
2023-02-01 12:45:00,4689.0,4693.25,4688.25,4690.0,1560.0
2023-02-01 12:50:00,4686.5,4687.75,4684.75,4685.5,4485.0
2023-02-01 12:55:00,4685.75,4688.0,4682.0,4685.75,7711.0
2023-02-01 13:00:00,4680.25,4681.5,4676.75,4679.5,5202.0
2023-02-01 13:05:00,4676.75,4678.0,4674.75,4677.5,6571.0
2023-02-01 13:10:00,4675.0,4678.0,4673.75,4675.25,4019.0
2023-02-01 13:15:00,4679.75,4682.0,4675.75,4679.25,7688.0
2023-02-01 13:20:00,4677.5,4680.5,4675.0,4676.25,7557.0
2023-02-01 13:25:00,4680.25,4681.25,4677.5,4680.5,2133.0
2023-02-01 13:30:00,4678.5,4682.25,4673.75,4676.75,6966.0
2023-02-01 13:35:00,4679.5,4684.0,4678.25,4680.25,633.0
2023-02-01 13:40:00,4679.25,4685.0,4677.25,4683.0,4944.0
2023-02-01 13:45:00,4682.75,4688.0,4681.75,4684.75,3779.0
2023-02-01 13:50:00,4681.0,4683.25,4679.25,4682.0,2759.0
2023-02-01 13:55:00,4675.5,4678.25,4671.75,4675.25,7502.0
2023-02-01 14:00:00,4670.5,4673.75,4665.0,4667.75,5467.0
2023-02-01 14:05:00,4668.75,4671.75,4663.75,4666.75,1537.0
2023-02-01 14:10:00,4664.25,4669.25,4662.0,4666.0,1544.0
2023-02-01 14:15:00,4666.0,4668.0,4663.75,4665.0,1378.0
2023-02-01 14:20:00,4664.5,4667.75,4660.75,4663.5,2780.0
2023-02-01 14:25:00,4673.75,4676.5,4671.25,4673.5,1017.0
2023-02-01 14:30:00,4667.5,4668.25,4664.75,4666.0,2481.0
2023-02-01 14:35:00,4668.5,4669.25,4664.75,4666.75,6237.0
2023-02-01 14:40:00,4664.5,4667.5,4661.75,4664.25,7052.0
2023-02-01 14:45:00,4662.75,4665.25,4658.75,4661.5,6394.0
2023-02-01 14:50:00,4663.5,4665.75,4661.25,4662.5,4220.0
2023-02-01 14:55:00,4655.25,4658.5,4650.75,4654.0,5715.0
2023-02-01 15:00:00,4656.25,4659.5,4654.5,4657.0,7579.0
2023-02-01 15:05:00,4663.5,4665.25,4662.0,4663.25,899.0
2023-02-01 15:10:00,4662.0,4664.0,4660.75,4661.75,7284.0
2023-02-01 15:15:00,4663.25,4666.5,4660.25,4664.25,5924.0
2023-02-01 15:20:00,4667.5,4670.25,4665.5,4667.25,3397.0
2023-02-01 15:25:00,4667.0,4669.25,4664.5,4666.5,3864.0
2023-02-01 15:30:00,4665.0,4667.75,4663.75,4665.75,3789.0
2023-02-01 15:35:00,4656.75,4660.5,4654.0,4657.75,1684.0
2023-02-01 15:40:00,4659.5,4662.25,4656.25,4659.25,2227.0
2023-02-01 15:45:00,4659.25,4662.5,4657.75,4659.25,2713.0
2023-02-01 15:50:00,4655.75,4656.25,4651.0,4654.5,543.0
2023-02-01 15:55:00,4656.5,4659.25,4654.75,4655.25,4258.0
2023-02-02 09:30:00,4654.5,4657.75,4653.5,4655.5,4073.0
2023-02-02 09:35:00,4652.75,4654.0,4650.25,4653.25,2972.0
2023-02-02 09:40:00,4655.25,4658.5,4652.5,4655.75,1823.0
2023-02-02 09:45:00,4650.5,4653.75,4649.25,4650.75,7773.0
2023-02-02 09:50:00,4654.5,4656.75,4652.25,4654.75,5588.0
2023-02-02 09:55:00,4649.75,4653.75,4648.25,4650.5,4060.0
2023-02-02 10:00:00,4647.5,4650.25,4645.25,4648.75,5920.0
2023-02-02 10:05:00,4654.75,4657.25,4652.25,4656.0,3291.0
2023-02-02 10:10:00,4659.25,4660.75,4655.5,4659.0,2116.0
2023-02-02 10:15:00,4659.75,4663.5,4657.75,4661.75,5548.0
2023-02-02 10:20:00,4656.5,4659.5,4654.0,4656.75,6279.0
2023-02-02 10:25:00,4654.75,4659.0,4652.5,4655.75,5379.0
2023-02-02 10:30:00,4655.25,4658.5,4653.75,4655.75,4747.0
2023-02-02 10:35:00,4655.75,4657.0,4654.5,4656.0,518.0
2023-02-02 10:40:00,4655.5,4657.25,4650.75,4654.5,5283.0
2023-02-02 10:45:00,4655.75,4657.75,4654.5,4656.75,5138.0
2023-02-02 10:50:00,4655.25,4661.75,4652.0,4659.0,3593.0
2023-02-02 10:55:00,4650.0,4651.25,4648.5,4649.5,2328.0
2023-02-02 11:00:00,4648.25,4650.5,4645.25,4648.5,7843.0
2023-02-02 11:05:00,4652.0,4655.0,4650.25,4651.25,3314.0
2023-02-02 11:10:00,4647.0,4649.75,4642.75,4646.5,2540.0
2023-02-02 11:15:00,4646.5,4650.25,4644.0,4648.75,5797.0
2023-02-02 11:20:00,4643.75,4645.25,4642.0,4642.75,4114.0
2023-02-02 11:25:00,4644.5,4647.0,4641.0,4643.75,4680.0
2023-02-02 11:30:00,4643.25,4645.5,4638.5,4641.0,5362.0
2023-02-02 11:35:00,4649.0,4649.75,4646.25,4648.0,3264.0
2023-02-02 11:40:00,4651.0,4654.5,4647.5,4648.75,1642.0
2023-02-02 11:45:00,4646.5,4649.5,4643.75,4647.25,1755.0
2023-02-02 11:50:00,4649.25,4655.0,4646.25,4653.0,7547.0
2023-02-02 11:55:00,4646.5,4647.5,4644.5,4646.0,4291.0
2023-02-02 12:00:00,4644.5,4646.25,4639.0,4642.25,3627.0
2023-02-02 12:05:00,4646.0,4648.75,4644.75,4647.25,2895.0
2023-02-02 12:10:00,4644.5,4645.75,4642.75,4643.5,5912.0
2023-02-02 12:15:00,4648.0,4652.0,4645.5,4649.75,7346.0
2023-02-02 12:20:00,4645.25,4647.25,4644.0,4645.0,6267.0
2023-02-02 12:25:00,4643.25,4646.5,4641.0,4642.25,4507.0
2023-02-02 12:30:00,4641.0,4644.5,4638.75,4640.75,4065.0
2023-02-02 12:35:00,4639.25,4641.5,4637.75,4640.25,6994.0
2023-02-02 12:40:00,4643.5,4644.25,4642.0,4643.25,6922.0
2023-02-02 12:45:00,4646.0,4649.0,4642.5,4645.25,3426.0
2023-02-02 12:50:00,4652.75,4656.25,4650.0,4652.25,7732.0
2023-02-02 12:55:00,4661.25,4664.5,4656.25,4659.5,6705.0
2023-02-02 13:00:00,4657.75,4658.75,4655.25,4658.25,6846.0
2023-02-02 13:05:00,4658.25,4659.5,4653.75,4655.75,924.0
2023-02-02 13:10:00,4654.0,4654.75,4652.0,4653.5,1475.0
2023-02-02 13:15:00,4651.5,4655.5,4648.25,4652.5,2735.0
2023-02-02 13:20:00,4649.25,4652.0,4648.25,4649.75,6209.0
2023-02-02 13:25:00,4645.5,4648.5,4644.25,4646.5,1086.0
2023-02-02 13:30:00,4642.0,4644.25,4638.5,4641.75,1121.0
2023-02-02 13:35:00,4641.5,4644.5,4638.75,4643.25,737.0
2023-02-02 13:40:00,4637.25,4641.0,4634.75,4638.5,1939.0
2023-02-02 13:45:00,4640.75,4641.75,4640.0,4641.25,7391.0
2023-02-02 13:50:00,4637.5,4641.25,4636.75,4638.75,5909.0
2023-02-02 13:55:00,4648.25,4652.0,4646.0,4649.25,5876.0
2023-02-02 14:00:00,4646.75,4649.5,4643.25,4646.0,2693.0
2023-02-02 14:05:00,4647.25,4648.75,4643.5,4645.25,5188.0
2023-02-02 14:10:00,4642.75,4646.5,4642.25,4643.25,6342.0
2023-02-02 14:15:00,4649.25,4652.75,4648.25,4650.0,4493.0
2023-02-02 14:20:00,4653.5,4656.0,4651.25,4655.25,6921.0
2023-02-02 14:25:00,4655.0,4656.0,4651.0,4653.75,4771.0
2023-02-02 14:30:00,4650.25,4652.75,4648.25,4649.0,2934.0
2023-02-02 14:35:00,4651.25,4653.25,4650.5,4651.75,5290.0
2023-02-02 14:40:00,4647.25,4648.0,4645.75,4647.25,7573.0
2023-02-02 14:45:00,4653.0,4654.0,4649.5,4650.25,6699.0
2023-02-02 14:50:00,4656.25,4657.75,4654.0,4656.75,4238.0
2023-02-02 14:55:00,4656.75,4658.75,4653.25,4654.25,4976.0
2023-02-02 15:00:00,4648.0,4650.25,4644.0,4646.5,7819.0
2023-02-02 15:05:00,4644.5,4647.5,4641.5,4646.5,6114.0
2023-02-02 15:10:00,4647.25,4652.5,4643.75,4649.75,4268.0
2023-02-02 15:15:00,4652.0,4653.5,4646.75,4650.25,2607.0
2023-02-02 15:20:00,4656.5,4658.0,4654.5,4656.0,7294.0
2023-02-02 15:25:00,4650.75,4652.0,4650.25,4650.75,7825.0
2023-02-02 15:30:00,4652.0,4657.5,4650.5,4654.5,1030.0
2023-02-02 15:35:00,4656.0,4659.75,4652.5,4655.5,739.0
2023-02-02 15:40:00,4650.25,4652.25,4648.75,4649.5,1363.0
2023-02-02 15:45:00,4650.25,4653.0,4648.75,4652.5,3399.0
2023-02-02 15:50:00,4651.5,4653.0,4649.75,4651.0,1699.0
2023-02-02 15:55:00,4650.75,4652.75,4649.5,4651.75,7115.0
2023-02-03 09:30:00,4644.0,4647.25,4639.25,4642.0,7356.0
2023-02-03 09:35:00,4643.0,4643.75,4640.25,4642.75,1853.0
2023-02-03 09:40:00,4642.0,4645.75,4637.5,4639.75,6718.0
2023-02-03 09:45:00,4641.75,4644.25,4637.0,4640.25,1560.0
2023-02-03 09:50:00,4640.0,4643.25,4639.0,4641.0,6404.0
2023-02-03 09:55:00,4638.5,4641.75,4637.5,4638.5,3240.0
2023-02-03 10:00:00,4638.5,4639.25,4636.5,4638.25,802.0
2023-02-03 10:05:00,4640.5,4643.5,4636.75,4639.5,3711.0
2023-02-03 10:10:00,4639.5,4640.5,4637.0,4639.25,6670.0
2023-02-03 10:15:00,4638.25,4642.0,4637.5,4638.75,7500.0
2023-02-03 10:20:00,4638.75,4642.5,4635.25,4640.25,1408.0
2023-02-03 10:25:00,4632.0,4632.5,4626.75,4628.25,6770.0
2023-02-03 10:30:00,4634.0,4637.0,4631.25,4632.75,2699.0
2023-02-03 10:35:00,4634.25,4635.0,4631.75,4634.5,3980.0
2023-02-03 10:40:00,4634.5,4635.5,4631.0,4634.5,1315.0
2023-02-03 10:45:00,4638.25,4642.0,4635.75,4639.0,7797.0
2023-02-03 10:50:00,4631.25,4633.75,4627.75,4631.75,6426.0
2023-02-03 10:55:00,4624.25,4627.5,4622.75,4623.75,5317.0
2023-02-03 11:00:00,4625.5,4628.0,4622.25,4624.75,5952.0
2023-02-03 11:05:00,4625.75,4628.25,4622.25,4625.5,7052.0
2023-02-03 11:10:00,4626.5,4629.5,4624.5,4628.25,1575.0
2023-02-03 11:15:00,4625.0,4626.0,4622.5,4624.0,2345.0
2023-02-03 11:20:00,4627.75,4631.25,4624.0,4627.75,780.0
2023-02-03 11:25:00,4631.5,4632.5,4630.5,4631.75,4167.0
2023-02-03 11:30:00,4633.5,4637.75,4631.75,4635.75,4206.0
2023-02-03 11:35:00,4632.75,4634.0,4629.0,4632.25,722.0
2023-02-03 11:40:00,4625.25,4627.75,4621.75,4626.5,5461.0
2023-02-03 11:45:00,4628.25,4632.25,4624.75,4630.0,566.0
2023-02-03 11:50:00,4633.0,4636.0,4629.5,4633.0,6446.0
2023-02-03 11:55:00,4635.75,4638.75,4634.75,4635.25,5790.0
2023-02-03 12:00:00,4632.5,4636.0,4628.75,4632.25,6613.0
2023-02-03 12:05:00,4635.25,4636.75,4633.25,4635.0,1387.0
2023-02-03 12:10:00,4638.75,4642.0,4636.25,4640.0,7027.0
2023-02-03 12:15:00,4644.75,4645.5,4643.0,4645.0,4608.0
2023-02-03 12:20:00,4641.75,4645.0,4638.75,4642.0,6975.0
2023-02-03 12:25:00,4641.25,4642.5,4637.25,4639.5,5720.0
2023-02-03 12:30:00,4644.25,4646.5,4639.5,4642.75,5422.0
2023-02-03 12:35:00,4644.5,4648.5,4643.5,4647.5,741.0
2023-02-03 12:40:00,4640.75,4643.75,4639.5,4640.5,5689.0
2023-02-03 12:45:00,4642.5,4645.5,4639.5,4641.5,3865.0
2023-02-03 12:50:00,4644.75,4650.25,4644.25,4646.75,6869.0
2023-02-03 12:55:00,4645.5,4646.5,4642.75,4645.75,5631.0
2023-02-03 13:00:00,4646.5,4651.0,4645.0,4647.25,1057.0
2023-02-03 13:05:00,4645.75,4647.0,4643.25,4645.5,7172.0
2023-02-03 13:10:00,4651.5,4653.0,4650.25,4651.0,971.0
2023-02-03 13:15:00,4648.25,4649.5,4647.0,4648.0,2744.0
2023-02-03 13:20:00,4646.5,4647.75,4642.0,4644.5,2126.0
2023-02-03 13:25:00,4646.75,4649.0,4645.0,4646.5,7806.0
2023-02-03 13:30:00,4650.25,4651.75,4649.0,4650.5,1648.0
2023-02-03 13:35:00,4644.75,4649.25,4643.5,4647.5,6834.0
2023-02-03 13:40:00,4640.25,4643.0,4639.0,4640.25,2166.0
2023-02-03 13:45:00,4632.75,4636.0,4627.25,4629.75,5379.0
2023-02-03 13:50:00,4633.25,4636.0,4632.0,4633.0,1177.0
2023-02-03 13:55:00,4629.25,4635.5,4627.75,4633.0,3439.0
2023-02-03 14:00:00,4628.0,4630.25,4625.5,4629.25,5173.0
2023-02-03 14:05:00,4630.75,4634.0,4627.5,4629.75,5833.0
2023-02-03 14:10:00,4628.75,4630.0,4626.25,4629.5,7043.0
2023-02-03 14:15:00,4629.75,4631.0,4627.5,4628.75,6621.0
2023-02-03 14:20:00,4628.75,4629.5,4623.5,4627.0,4389.0
2023-02-03 14:25:00,4631.5,4634.25,4629.25,4631.0,2774.0
2023-02-03 14:30:00,4633.5,4635.25,4632.25,4633.75,2459.0
2023-02-03 14:35:00,4631.25,4633.75,4625.25,4628.75,7946.0
2023-02-03 14:40:00,4630.75,4632.5,4626.75,4629.25,5062.0
2023-02-03 14:45:00,4635.0,4637.0,4632.5,4635.0,7314.0
2023-02-03 14:50:00,4636.75,4638.5,4632.75,4636.0,3753.0
2023-02-03 14:55:00,4631.75,4632.75,4631.0,4632.25,4141.0
2023-02-03 15:00:00,4634.25,4636.25,4629.5,4632.75,6693.0
2023-02-03 15:05:00,4630.5,4634.0,4628.0,4631.5,5921.0
2023-02-03 15:10:00,4636.0,4638.25,4632.75,4634.5,2005.0
2023-02-03 15:15:00,4640.0,4643.0,4638.75,4642.25,4430.0
2023-02-03 15:20:00,4641.5,4644.0,4638.25,4639.0,2100.0
2023-02-03 15:25:00,4642.25,4643.75,4637.25,4640.75,6206.0
2023-02-03 15:30:00,4641.75,4642.75,4640.75,4642.25,724.0
2023-02-03 15:35:00,4644.5,4647.75,4643.0,4646.75,6702.0
2023-02-03 15:40:00,4643.25,4645.75,4640.5,4643.75,7467.0
2023-02-03 15:45:00,4644.25,4646.5,4641.5,4645.25,674.0
2023-02-03 15:50:00,4647.75,4650.5,4646.75,4647.75,5227.0
2023-02-03 15:55:00,4646.0,4647.25,4641.5,4644.5,1093.0
2023-02-06 09:30:00,4644.0,4647.0,4641.0,4643.25,3201.0
2023-02-06 09:35:00,4639.75,4641.0,4634.75,4638.0,3023.0
2023-02-06 09:40:00,4636.0,4638.5,4633.5,4634.25,4397.0
2023-02-06 09:45:00,4629.5,4633.0,4628.75,4630.0,7382.0
2023-02-06 09:50:00,4632.5,4634.0,4628.25,4630.75,3961.0
2023-02-06 09:55:00,4639.25,4640.5,4638.5,4639.75,3487.0
2023-02-06 10:00:00,4644.75,4647.0,4641.0,4643.0,1195.0
2023-02-06 10:05:00,4639.0,4643.25,4638.5,4639.5,7156.0
2023-02-06 10:10:00,4642.0,4645.5,4638.25,4641.25,2860.0
2023-02-06 10:15:00,4647.5,4650.75,4644.0,4649.5,3968.0
2023-02-06 10:20:00,4646.0,4649.5,4642.75,4646.5,1192.0
2023-02-06 10:25:00,4646.75,4650.0,4643.0,4648.25,2666.0
2023-02-06 10:30:00,4639.5,4640.5,4635.0,4638.25,4650.0
2023-02-06 10:35:00,4640.75,4643.25,4638.75,4640.75,7254.0
2023-02-06 10:40:00,4637.0,4639.0,4633.75,4635.5,2966.0
2023-02-06 10:45:00,4638.0,4640.0,4634.0,4637.25,4705.0
2023-02-06 10:50:00,4632.25,4635.5,4628.5,4632.0,7067.0
2023-02-06 10:55:00,4634.5,4636.25,4630.0,4633.5,3203.0
2023-02-06 11:00:00,4638.5,4641.25,4634.0,4637.0,2711.0
2023-02-06 11:05:00,4636.0,4637.5,4632.75,4634.0,833.0
2023-02-06 11:10:00,4632.0,4632.5,4625.25,4628.75,7309.0
2023-02-06 11:15:00,4624.25,4626.0,4619.25,4622.75,1331.0
2023-02-06 11:20:00,4623.5,4627.75,4620.75,4624.25,2115.0
2023-02-06 11:25:00,4621.5,4623.5,4616.0,4619.25,1544.0
2023-02-06 11:30:00,4616.0,4616.75,4611.75,4614.25,5806.0
2023-02-06 11:35:00,4618.0,4623.0,4614.5,4620.5,3236.0
2023-02-06 11:40:00,4616.5,4620.0,4614.75,4615.5,5787.0
2023-02-06 11:45:00,4612.75,4616.5,4609.5,4613.25,5054.0
2023-02-06 11:50:00,4611.0,4614.25,4610.25,4611.75,613.0
2023-02-06 11:55:00,4615.25,4617.75,4613.5,4616.0,2806.0
2023-02-06 12:00:00,4617.5,4620.0,4614.5,4615.5,530.0
2023-02-06 12:05:00,4617.25,4620.5,4615.0,4617.0,991.0
2023-02-06 12:10:00,4619.75,4623.0,4616.5,4617.5,4047.0
2023-02-06 12:15:00,4615.75,4622.25,4612.25,4619.25,2486.0
2023-02-06 12:20:00,4616.25,4618.0,4611.75,4614.0,1168.0
2023-02-06 12:25:00,4617.0,4617.75,4612.0,4615.5,3565.0
2023-02-06 12:30:00,4615.5,4617.75,4612.5,4614.0,3889.0
2023-02-06 12:35:00,4617.25,4618.25,4614.75,4615.25,7942.0
2023-02-06 12:40:00,4614.5,4617.25,4611.75,4616.5,5461.0
2023-02-06 12:45:00,4616.75,4622.25,4614.0,4620.0,3447.0
2023-02-06 12:50:00,4619.0,4621.5,4616.0,4618.25,4049.0
2023-02-06 12:55:00,4608.5,4611.75,4603.5,4606.75,1168.0
2023-02-06 13:00:00,4613.0,4616.0,4606.75,4610.0,3399.0
2023-02-06 13:05:00,4602.0,4605.25,4599.5,4601.75,4858.0
2023-02-06 13:10:00,4600.0,4603.0,4596.0,4599.5,657.0
2023-02-06 13:15:00,4604.0,4606.75,4600.25,4603.25,7397.0
2023-02-06 13:20:00,4603.0,4604.0,4600.5,4603.5,4363.0
2023-02-06 13:25:00,4598.0,4601.0,4596.25,4598.5,6400.0
2023-02-06 13:30:00,4594.25,4595.5,4593.75,4594.5,2566.0
2023-02-06 13:35:00,4598.25,4598.75,4596.5,4597.75,6771.0
2023-02-06 13:40:00,4591.25,4592.25,4587.0,4589.75,3251.0
2023-02-06 13:45:00,4595.75,4599.75,4593.0,4596.5,7461.0
2023-02-06 13:50:00,4595.75,4598.5,4594.25,4595.75,4416.0
2023-02-06 13:55:00,4591.5,4596.25,4589.0,4592.75,5274.0
2023-02-06 14:00:00,4589.75,4594.25,4588.5,4590.75,2028.0
2023-02-06 14:05:00,4586.25,4589.5,4583.0,4584.25,7961.0
2023-02-06 14:10:00,4589.5,4590.5,4584.0,4587.5,1944.0
2023-02-06 14:15:00,4592.5,4595.75,4589.75,4591.5,749.0
2023-02-06 14:20:00,4586.5,4589.5,4583.75,4585.0,3798.0
2023-02-06 14:25:00,4585.25,4589.5,4583.0,4586.25,6761.0
2023-02-06 14:30:00,4582.25,4583.75,4580.5,4582.75,7408.0
2023-02-06 14:35:00,4587.25,4589.5,4584.5,4588.75,6927.0
2023-02-06 14:40:00,4582.5,4586.5,4579.0,4583.0,4647.0
2023-02-06 14:45:00,4588.5,4590.0,4586.25,4588.75,7375.0
2023-02-06 14:50:00,4588.75,4592.0,4586.25,4590.25,4190.0
2023-02-06 14:55:00,4584.75,4587.25,4583.0,4585.25,4086.0
2023-02-06 15:00:00,4582.5,4583.25,4580.25,4582.5,1855.0
2023-02-06 15:05:00,4579.75,4582.25,4578.25,4581.75,6408.0
2023-02-06 15:10:00,4575.25,4579.0,4574.75,4575.5,2870.0
2023-02-06 15:15:00,4575.75,4579.0,4572.25,4575.5,1963.0
2023-02-06 15:20:00,4571.5,4575.0,4568.5,4570.5,3271.0
2023-02-06 15:25:00,4563.75,4566.25,4561.75,4564.75,5023.0
2023-02-06 15:30:00,4562.75,4565.5,4562.0,4564.25,2525.0
2023-02-06 15:35:00,4556.25,4558.25,4553.0,4556.25,3189.0
2023-02-06 15:40:00,4553.75,4557.5,4552.75,4555.5,2975.0
2023-02-06 15:45:00,4550.75,4551.25,4546.25,4548.0,4971.0
2023-02-06 15:50:00,4547.75,4550.75,4544.5,4547.75,5855.0
2023-02-06 15:55:00,4555.25,4559.0,4553.25,4555.25,5566.0
2023-02-07 09:30:00,4555.75,4557.75,4551.25,4554.75,1558.0
2023-02-07 09:35:00,4556.75,4561.75,4555.75,4560.0,3103.0
2023-02-07 09:40:00,4550.5,4552.25,4547.75,4550.5,5363.0
2023-02-07 09:45:00,4548.5,4549.25,4544.25,4548.0,2121.0
2023-02-07 09:50:00,4549.5,4550.75,4547.25,4549.5,1021.0
2023-02-07 09:55:00,4546.0,4548.0,4540.5,4543.25,2912.0
2023-02-07 10:00:00,4549.5,4551.25,4546.75,4548.5,5590.0
2023-02-07 10:05:00,4545.25,4548.75,4542.5,4546.75,5479.0
2023-02-07 10:10:00,4544.5,4547.75,4540.25,4543.75,1473.0
2023-02-07 10:15:00,4542.5,4543.75,4538.75,4541.5,5576.0
2023-02-07 10:20:00,4543.5,4545.75,4540.0,4545.25,1958.0
2023-02-07 10:25:00,4541.25,4543.75,4539.0,4543.25,6059.0
2023-02-07 10:30:00,4540.5,4542.25,4538.25,4541.25,4748.0
2023-02-07 10:35:00,4540.0,4542.25,4538.0,4539.25,1449.0
2023-02-07 10:40:00,4537.5,4540.5,4534.5,4537.25,3126.0
2023-02-07 10:45:00,4539.5,4542.75,4535.25,4538.5,6638.0
2023-02-07 10:50:00,4540.5,4543.0,4536.75,4539.25,3745.0
2023-02-07 10:55:00,4540.5,4542.25,4538.0,4539.0,5661.0
2023-02-07 11:00:00,4539.25,4540.0,4536.25,4538.25,6112.0
2023-02-07 11:05:00,4542.25,4544.0,4538.0,4541.0,728.0
2023-02-07 11:10:00,4541.75,4543.25,4536.0,4539.5,7486.0
2023-02-07 11:15:00,4540.75,4544.25,4539.75,4541.0,3016.0
2023-02-07 11:20:00,4541.5,4543.75,4540.5,4541.75,6450.0
2023-02-07 11:25:00,4547.75,4551.25,4546.0,4550.0,4000.0
2023-02-07 11:30:00,4543.25,4544.5,4541.25,4542.25,4827.0
2023-02-07 11:35:00,4546.25,4547.5,4542.5,4546.5,3204.0
2023-02-07 11:40:00,4539.5,4543.25,4537.75,4540.0,6899.0
2023-02-07 11:45:00,4540.5,4541.25,4538.0,4540.25,1380.0
2023-02-07 11:50:00,4546.5,4548.0,4545.25,4547.5,7220.0
2023-02-07 11:55:00,4548.5,4550.5,4546.5,4549.5,2055.0
2023-02-07 12:00:00,4549.25,4552.75,4545.75,4549.75,7123.0
2023-02-07 12:05:00,4547.5,4549.75,4545.25,4547.25,684.0
2023-02-07 12:10:00,4547.75,4550.25,4547.0,4547.25,603.0
2023-02-07 12:15:00,4547.25,4548.75,4544.0,4545.25,1198.0
2023-02-07 12:20:00,4544.5,4545.25,4539.75,4543.5,4609.0
2023-02-07 12:25:00,4543.75,4547.0,4539.25,4542.75,2497.0
2023-02-07 12:30:00,4544.75,4545.75,4542.0,4543.0,4984.0
2023-02-07 12:35:00,4542.0,4543.25,4539.75,4542.75,6649.0
2023-02-07 12:40:00,4539.5,4543.25,4538.75,4541.0,703.0
2023-02-07 12:45:00,4534.75,4535.5,4531.25,4533.5,4449.0
2023-02-07 12:50:00,4536.25,4537.5,4535.5,4536.75,6044.0
2023-02-07 12:55:00,4538.5,4541.5,4534.0,4537.0,3683.0
2023-02-07 13:00:00,4539.5,4541.5,4535.75,4539.25,7437.0
2023-02-07 13:05:00,4543.25,4544.5,4541.5,4542.5,5466.0
2023-02-07 13:10:00,4544.0,4546.25,4542.0,4544.75,758.0
2023-02-07 13:15:00,4545.5,4548.25,4543.75,4544.5,4561.0
2023-02-07 13:20:00,4546.75,4549.0,4545.25,4548.25,3379.0
2023-02-07 13:25:00,4546.75,4547.5,4545.75,4546.5,1486.0
2023-02-07 13:30:00,4545.0,4547.5,4542.75,4544.25,7628.0
2023-02-07 13:35:00,4553.25,4555.75,4548.0,4551.75,2169.0
